event_id,time_utc,latitude,longitude,depth_km,mag_type,magnitude,place
20260516.0217001,2026-05-16T02:17:08.000Z,49.4495,-122.0835,1.0,ML1,1.07,"13 km NW of Hemlock Valley, BC/13 km NO de Hemlock Valley, BC"
20260516.0349001,2026-05-16T03:49:09.000Z,60.5109,-139.805,5.0,ML,2.11,"128 km W of Haines Junction, YT/128 km O de Haines Junction, YT"
20260516.0541001,2026-05-16T05:41:43.000Z,49.5095,-127.3128,29.68,ML,2.06,"65 km SW of Tahsis, BC/65 km SO de Tahsis, BC"
20260516.0541002,2026-05-16T05:41:58.000Z,61.1122,-140.0871,5.0,ML,1.75,"65 km WSW of Burwash Landing, YT/65 km OSO de Burwash Landing, YT"
20260516.1019001,2026-05-16T10:19:51.000Z,49.1833,-127.9053,10.0,Mw',2.08,"134 km W of Marktosis 15, BC/134 km O de Marktosis 15, BC"
20260516.1150001,2026-05-16T11:50:42.000Z,69.9254,-130.7453,20.0,ML,3.27,"103 km ENE of Tuktoyaktuk, NT/103 km ENE de Tuktoyaktuk, NT"
20260516.1357001,2026-05-16T13:57:52.000Z,51.4841,-130.8552,10.0,ML,2.58,"249 km WNW of Port Hardy, BC/249 km ONO de Port Hardy, BC"
20260516.1553001,2026-05-16T15:53:01.000Z,53.3679,-117.4022,0.0,ML,2.98,"Blast, 12 km ESE of Hinton, AB/Dynamitage, 12 km ESE de Hinton, AB"
20260516.1711001,2026-05-16T17:11:47.000Z,49.9993,-130.0081,10.0,Mw',2.72,"195 km WSW of Port Hardy, BC/195 km OSO de Port Hardy, BC"
20260516.2036001,2026-05-16T20:36:49.000Z,49.4476,-116.8042,5.0,ML,3.58,"26 km SE of Central Kootenay E, BC/26 km SE de Central Kootenay E, BC"
20260516.2359001,2026-05-16T23:59:39.000Z,49.9926,-130.044,10.0,Mw',3.06,"198 km WSW of Port Hardy, BC/198 km OSO de Port Hardy, BC"
20260517.0510001,2026-05-17T05:10:11.000Z,52.5414,-132.704,20.0,ML,2.45,"89 km SSW of Daajing Giids, BC/89 km SSO de Daajing Giids, BC"
20260517.1441001,2026-05-17T14:41:56.000Z,54.3202,-118.6571,1.0,MLy,2.71,"Suspected industry-related event, 57 km NNE of Grande Cache, AB/Événement lié à l'industrie soupconné, 57 km NNE de Grande Cache, AB"
20260517.1556001,2026-05-17T15:56:37.000Z,47.5489,-81.8875,0.0,MwN,2.0,"Blast, 19 km SW of Gogama, ON/Dynamitage, 19 km SO de Gogama, ON"
20260517.1636001,2026-05-17T16:36:10.000Z,53.0272,-132.7236,18.88,ML,2.77,"50 km WSW of Daajing Giids, BC/50 km OSO de Daajing Giids, BC"
20260518.0042001,2026-05-18T00:42:29.000Z,55.8702,-120.2731,1.0,MLy,2.06,"Suspected industry-related event, 12 km N of Dawson Creek, BC/Événement lié à l'industrie soupconné, 12 km N de Dawson Creek, BC"
20260518.0310001,2026-05-18T03:10:54.000Z,49.3157,-128.9554,10.0,Mw',2.43,"188 km SW of Port Hardy, BC/188 km SO de Port Hardy, BC"
20260518.0417001,2026-05-18T04:17:18.000Z,69.2302,-123.8512,18.0,MwN,1.79,"16 km SSE of Paulatuk, NT/16 km SSE de Paulatuk, NT"
20260518.0845001,2026-05-18T08:45:17.000Z,52.8024,-127.5025,1.0,ML,2.04,"71 km NW of Bella Coola 1, BC/71 km NO de Bella Coola 1, BC"
20260518.0958001,2026-05-18T09:58:26.000Z,67.4626,-135.7811,5.0,ML,0.91,"38 km W of Fort McPherson, NT/38 km O de Fort McPherson, NT"
20260518.1023001,2026-05-18T10:23:10.000Z,67.4608,-135.8525,5.0,ML,1.43,"41 km W of Fort McPherson, NT/41 km O de Fort McPherson, NT"
20260518.1210001,2026-05-18T12:10:09.000Z,49.3876,-126.9843,19.61,ML,1.71,"52 km W of Refuge Cove 6, BC/52 km O de Refuge Cove 6, BC"
20260518.1343001,2026-05-18T13:43:05.000Z,49.5135,-127.6418,30.0,ML,2.64,"61 km SSW of Houpsitas 6, BC/61 km SSO de Houpsitas 6, BC"
20260518.1357001,2026-05-18T13:57:46.000Z,49.5383,-127.6412,32.97,ML,1.76,"58 km SSW of Houpsitas 6, BC/58 km SSO de Houpsitas 6, BC"
20260518.1741001,2026-05-18T17:41:38.000Z,64.9682,-133.7394,10.0,ML,2.84,"185 km NNE of Mayo, YT/185 km NNE de Mayo, YT"
20260518.2039001,2026-05-18T20:39:11.000Z,45.1431,-66.9881,5.0,MwN,0.34,"9 km NE of Saint Andrews, NB/9 km NE de Saint Andrews, NB"
20260519.0240001,2026-05-19T02:40:37.000Z,60.5028,-139.9706,5.0,ML,2.15,"137 km W of Haines Junction, YT/137 km O de Haines Junction, YT"
20260519.1001001,2026-05-19T10:01:11.000Z,49.6792,-129.1288,10.0,Mw',2.53,"164 km SW of Port Hardy, BC/164 km SO de Port Hardy, BC"
20260519.1109001,2026-05-19T11:09:05.000Z,51.521,-130.7739,10.0,ML,2.28,"245 km WNW of Port Hardy, BC/245 km ONO de Port Hardy, BC"
20260519.1208001,2026-05-19T12:08:27.000Z,49.7199,-123.6003,1.0,ML1,1.23,"32 km W of Squamish, BC/32 km O de Squamish, BC"
20260519.1236001,2026-05-19T12:36:02.000Z,58.3017,-137.8958,10.0,ML,2.26,"203 km W of Juneau, AK/203 km O de Juneau, AK"
20260519.1301001,2026-05-19T13:01:33.000Z,47.9108,-69.9914,19.1,MwN,1.18,"12 km NW of Saint-Siméon, QC/12 km NO de Saint-Siméon, QC"
20260519.1358001,2026-05-19T13:58:54.000Z,51.8269,-126.4013,1.0,ML,2.53,"65 km SSE of Bella Coola 1, BC/65 km SSE de Bella Coola 1, BC"
20260519.1443001,2026-05-19T14:43:59.000Z,59.6865,-136.1693,6.27,ML,2.86,"127 km SSW of Whitehorse, YT/127 km SSO de Whitehorse, YT"
20260519.1445001,2026-05-19T14:45:57.000Z,61.1061,-139.9991,5.0,ML,1.99,"61 km WSW of Burwash Landing, YT/61 km OSO de Burwash Landing, YT"
20260519.1602001,2026-05-19T16:02:37.000Z,53.3817,-117.3057,0.0,MLy,3.24,"Blast, 17 km E of Hinton, AB/Dynamitage, 17 km E de Hinton, AB"
20260519.1727001,2026-05-19T17:27:04.000Z,61.108,-139.9933,5.0,ML,2.05,"60 km WSW of Burwash Landing, YT/60 km OSO de Burwash Landing, YT"
20260519.1742001,2026-05-19T17:42:46.000Z,61.1084,-140.0068,1.0,ML,3.16,"61 km WSW of Burwash Landing, YT/61 km OSO de Burwash Landing, YT"
20260520.0102001,2026-05-20T01:02:20.000Z,49.2919,-67.2786,16.94,MwN,1.93,"53 km NNE of Matane, QC/53 km NNE de Matane, QC"
20260520.0254001,2026-05-20T02:54:00.000Z,49.169,-89.611,1.25,MwN,2.15,"Mining event, Lac des Iles Mine, ON/Événement minier, Mine Lac des Îles,Lac des Iles, ON"
20260520.0618001,2026-05-20T06:18:04.000Z,47.6609,-69.7753,21.07,MwN,0.82,"14 km N of Saint-Pascal, QC/14 km N de Saint-Pascal, QC"
20260520.1238001,2026-05-20T12:38:59.000Z,48.6221,-123.0168,57.93,ML,2.36,"56 km SSW of Surrey, BC/56 km SSO de Surrey, BC"
20260520.1433001,2026-05-20T14:33:01.000Z,56.2108,-116.6288,1.13,MLy,2.7,"Suspected industry-related event, 32 km SSW of Woodland Cree 226, AB/Événement lié à l'industrie soupconné, 32 km SSO de Woodland Cree 226, AB"
20260520.1930001,2026-05-20T19:30:40.000Z,60.1528,-140.7484,5.0,ML,3.06,"190 km WSW of Haines Junction, YT/190 km OSO de Haines Junction, YT"
20260521.0230002,2026-05-21T02:30:28.000Z,49.6899,-124.844,10.83,ML,2.08,"11 km E of Courtenay, BC/11 km E de Courtenay, BC"
20260521.0251001,2026-05-21T02:51:38.000Z,52.7693,-132.3626,14.83,ML,2.26,"57 km SSW of Daajing Giids, BC/57 km SSO de Daajing Giids, BC"
20260521.0542001,2026-05-21T05:42:19.000Z,68.5072,-135.2722,5.0,ML,1.52,"34 km NNW of Aklavik, NT/34 km NNO de Aklavik, NT"
20260521.0607001,2026-05-21T06:07:40.000Z,60.5571,-139.9678,5.0,ML,2.35,"136 km W of Haines Junction, YT/136 km O de Haines Junction, YT"
20260521.0838001,2026-05-21T08:38:07.000Z,54.7946,-118.5991,1.0,MLy,2.45,"Suspected industry-related event, 44 km SSE of Grande Prairie, AB/Événement lié à l'industrie soupconné, 44 km SSE de Grande Prairie, AB"
20260521.1156001,2026-05-21T11:56:57.000Z,60.3891,-139.5457,5.0,ML,2.25,"118 km WSW of Haines Junction, YT/118 km OSO de Haines Junction, YT"
20260521.1337001,2026-05-21T13:37:11.000Z,59.3361,-137.1423,5.0,ML,2.66,"190 km SW of Whitehorse, YT/190 km SO de Whitehorse, YT"
20260521.1359001,2026-05-21T13:59:31.000Z,58.8325,-136.3357,1.0,ML,2.67,"125 km WNW of Juneau, AK/125 km ONO de Juneau, AK"
20260521.1502001,2026-05-21T15:02:38.000Z,49.3104,-126.4487,22.04,ML,1.71,"14 km WSW of Refuge Cove 6, BC/14 km OSO de Refuge Cove 6, BC"
20260521.1541001,2026-05-21T15:41:07.000Z,56.7743,-122.0391,1.0,MLy,2.88,"Suspected industry-related event, 35 km NNW of Halfway River 168, BC/Événement lié à l'industrie soupconné, 35 km NNO de Halfway River 168, BC"
20260521.1605001,2026-05-21T16:05:05.000Z,46.3848,-79.4017,0.0,MwN,1.38,"Blast, 9 km NNE of North Bay, ON/Dynamitage, 9 km NNE de North Bay, ON"
20260521.1920001,2026-05-21T19:20:08.000Z,52.7682,-132.3577,16.73,ML,2.2,"57 km SSW of Daajing Giids, BC/57 km SSO de Daajing Giids, BC"
20260521.2029003,2026-05-21T20:29:40.000Z,65.0075,-133.7305,5.0,ML,4.15,"189 km NNE of Mayo, YT/189 km NNE de Mayo, YT"
20260521.2108001,2026-05-21T21:08:24.000Z,58.4318,-137.2982,1.0,ML,3.01,"168 km W of Juneau, AK/168 km O de Juneau, AK"
20260521.2122003,2026-05-21T21:22:27.000Z,46.568,-80.857,1.46,MwN,2.51,"Mining event, Garson Mine, ON, felt/Événement minier, Mine Garson, ON, ressenti"
20260521.2123002,2026-05-21T21:23:11.000Z,50.5902,-130.2682,10.0,Mw',2.6,"196 km W of Port Hardy, BC/196 km O de Port Hardy, BC"
20260521.2158001,2026-05-21T21:58:01.000Z,53.0111,-132.6921,15.08,ML,2.16,"49 km WSW of Daajing Giids, BC/49 km OSO de Daajing Giids, BC"
20260522.0057001,2026-05-22T00:57:24.000Z,49.169,-89.611,1.21,MwN,1.45,"Mining event, Lac des Iles Mine, ON/Événement minier, Mine Lac des Îles,Lac des Iles, ON"
20260522.0246001,2026-05-22T02:46:09.000Z,70.3315,-87.9399,18.0,MwN,1.76,"258 km WNW of Igloolik, NU/258 km ONO de Igloolik, NU"
20260522.0334001,2026-05-22T03:34:04.000Z,63.6462,-128.1581,5.0,ML,2.68,"193 km SSW of Norman Wells, NT/193 km SSO de Norman Wells, NT"
20260522.0346001,2026-05-22T03:46:54.000Z,54.7709,-118.683,1.0,MLy,2.55,"Suspected industry-related event, 45 km S of Grande Prairie, AB/Événement lié à l'industrie soupconné, 45 km S de Grande Prairie, AB"
20260522.0713001,2026-05-22T07:13:56.000Z,54.776,-118.6785,1.0,MLy,2.65,"Suspected industry-related event, 45 km S of Grande Prairie, AB/Événement lié à l'industrie soupconné, 45 km S de Grande Prairie, AB"
20260522.0821001,2026-05-22T08:21:08.000Z,60.4508,-139.5498,5.0,ML,3.02,"116 km WSW of Haines Junction, YT/116 km OSO de Haines Junction, YT"
20260522.0946001,2026-05-22T09:46:14.000Z,60.5099,-139.8138,5.0,ML,2.34,"128 km W of Haines Junction, YT/128 km O de Haines Junction, YT"
20260522.1721001,2026-05-22T17:21:16.000Z,66.0697,-135.1866,5.0,ML,2.45,"152 km S of Fort McPherson, NT/152 km S de Fort McPherson, NT"
20260522.1815003,2026-05-22T18:15:09.000Z,47.7176,-79.3562,10.44,MwN,2.13,"16 km NE of Notre-Dame-du-Nord, QC, felt/16 km NE de Notre-Dame-du-Nord, QC, ressenti"
20260522.1856002,2026-05-22T18:56:44.000Z,46.4953,-67.2147,2.0,MwN,1.35,"16 km E of Glassville, NB/16 km E de Glassville, NB"
20260522.2154001,2026-05-22T21:54:05.000Z,49.7603,-126.9549,37.4,ML,1.4,"27 km SW of Tahsis, BC/27 km SO de Tahsis, BC"
20260522.2305001,2026-05-22T23:05:59.000Z,42.7971,-80.0966,5.0,MwN,2.07,"9 km E of Port Dover, ON/9 km E de Port Dover, ON"
20260523.0024001,2026-05-23T00:24:53.000Z,54.3145,-118.4426,1.0,MLy,2.74,"Suspected industry-related event, 65 km NE of Grande Cache, AB/Événement lié à l'industrie soupconné, 65 km NE de Grande Cache, AB"
20260523.0136001,2026-05-23T01:36:56.000Z,54.3212,-118.4298,3.78,MLy,2.62,"Suspected industry-related event, 66 km NE of Grande Cache, AB/Événement lié à l'industrie soupconné, 66 km NE de Grande Cache, AB"
20260523.0432001,2026-05-23T04:32:52.000Z,54.5642,-118.5571,4.1,MLy,2.54,"Suspected industry-related event, 69 km SSE of Grande Prairie, AB/Événement lié à l'industrie soupconné, 69 km SSE de Grande Prairie, AB"
20260523.0506001,2026-05-23T05:06:01.000Z,54.568,-118.5593,3.48,MLy,3.61,"Suspected industry-related event, 69 km SSE of Grande Prairie, AB/Événement lié à l'industrie soupconné, 69 km SSE de Grande Prairie, AB"
20260523.0619001,2026-05-23T06:19:45.000Z,75.773,-68.3918,18.0,ML,3.61,"447 km NE of Pond Inlet, NU/447 km NE de Pond Inlet, NU"
20260523.0643001,2026-05-23T06:43:38.000Z,41.7112,-80.9315,5.0,MwN,2.03,"69 km ENE of Cleveland, OH/69 km ENE de Cleveland, OH"
20260523.1546001,2026-05-23T15:46:44.000Z,54.556,-118.5522,1.7,MLy,2.68,"Suspected industry-related event, 70 km SSE of Grande Prairie, AB/Événement lié à l'industrie soupconné, 70 km SSE de Grande Prairie, AB"
20260523.1551001,2026-05-23T15:51:59.000Z,60.5101,-140.0629,1.0,ML,2.73,"142 km W of Haines Junction, YT/142 km O de Haines Junction, YT"
20260523.1716001,2026-05-23T17:16:21.000Z,59.6573,-138.0558,1.0,ML,3.13,"126 km SSW of Haines Junction, YT/126 km SSO de Haines Junction, YT"
20260523.2009001,2026-05-23T20:09:03.000Z,52.6686,-132.1469,20.48,ML,2.88,"65 km S of Daajing Giids, BC/65 km S de Daajing Giids, BC"
20260523.2017001,2026-05-23T20:17:20.000Z,54.5663,-118.5572,2.91,MLy,2.5,"Suspected industry-related event, 69 km SSE of Grande Prairie, AB/Événement lié à l'industrie soupconné, 69 km SSE de Grande Prairie, AB"
20260523.2107001,2026-05-23T21:07:04.000Z,45.1169,-67.1676,6.37,MwN,0.62,"12 km SE of St. Stephen, NB/12 km SE de St. Stephen, NB"
20260523.2117001,2026-05-23T21:17:40.000Z,54.056,-119.1771,0.0,ML,2.89,"Blast, 19 km NNW of Grande Cache, AB/Dynamitage, 19 km NNO de Grande Cache, AB"
20260524.0243001,2026-05-24T02:43:14.000Z,49.1438,-92.0254,2.0,MwN,0.94,"52 km NW of Atikokan, ON/52 km NO de Atikokan, ON"
20260524.0327001,2026-05-24T03:27:50.000Z,60.5263,-139.9944,1.0,ML,2.8,"138 km W of Haines Junction, YT/138 km O de Haines Junction, YT"
20260524.0555001,2026-05-24T05:55:56.000Z,53.2485,-133.0644,17.28,ML,2.46,"65 km W of Daajing Giids, BC/65 km O de Daajing Giids, BC"
20260524.0557001,2026-05-24T05:57:56.000Z,66.6287,-135.7768,5.0,ML,2.75,"98 km SSW of Fort McPherson, NT/98 km SSO de Fort McPherson, NT"
20260524.0851001,2026-05-24T08:51:21.000Z,54.559,-118.5825,1.58,MLy,2.82,"Suspected industry-related event, 69 km SSE of Grande Prairie, AB/Événement lié à l'industrie soupconné, 69 km SSE de Grande Prairie, AB"
20260524.1012001,2026-05-24T10:12:06.000Z,53.251,-133.0505,19.18,ML,2.75,"64 km W of Daajing Giids, BC/64 km O de Daajing Giids, BC"
20260524.1059001,2026-05-24T10:59:03.000Z,47.819,-66.0572,5.0,MwN,1.86,"11 km WSW of Belledune, NB/11 km OSO de Belledune, NB"
20260524.1152001,2026-05-24T11:52:35.000Z,53.2361,-133.0831,18.18,ML,2.92,"66 km W of Daajing Giids, BC/66 km O de Daajing Giids, BC"
20260524.1223001,2026-05-24T12:23:41.000Z,59.1794,-136.3311,4.65,ML,3.43,"182 km SSW of Whitehorse, YT/182 km SSO de Whitehorse, YT"
20260524.1804001,2026-05-24T18:04:24.000Z,47.1745,-71.3331,19.1,MwN,1.31,"22 km NNW of Sainte-Brigitte-de-Laval, QC/22 km NNO de Sainte-Brigitte-de-Laval, QC"
20260524.1854001,2026-05-24T18:54:13.000Z,60.5536,-139.724,1.0,ML,2.59,"123 km W of Haines Junction, YT/123 km O de Haines Junction, YT"
20260525.0240001,2026-05-25T02:40:51.000Z,54.5818,-118.5802,1.0,MLy,2.34,"Suspected industry-related event, 67 km SSE of Grande Prairie, AB/Événement lié à l'industrie soupconné, 67 km SSE de Grande Prairie, AB"
20260525.0310001,2026-05-25T03:10:14.000Z,60.5432,-139.8575,5.0,ML,2.26,"130 km W of Haines Junction, YT/130 km O de Haines Junction, YT"
20260525.0626001,2026-05-25T06:26:24.000Z,72.5466,-71.2788,18.0,ML,2.25,"222 km E of Pond Inlet, NU/222 km E de Pond Inlet, NU"
20260525.1032001,2026-05-25T10:32:03.000Z,45.0549,-74.1659,9.0,MwN,1.26,"3 km S of Huntingdon, QC/3 km S de Huntingdon, QC"
20260525.1134001,2026-05-25T11:34:53.000Z,54.5569,-118.595,1.0,MLy,2.76,"Suspected industry-related event, 69 km S of Grande Prairie, AB/Événement lié à l'industrie soupconné, 69 km S de Grande Prairie, AB"
20260525.1216001,2026-05-25T12:16:21.000Z,60.2306,-140.7344,5.0,ML,2.13,"186 km WSW of Haines Junction, YT/186 km OSO de Haines Junction, YT"
20260525.1311001,2026-05-25T13:11:55.000Z,60.4982,-139.9674,5.0,ML1,1.21,"137 km W of Haines Junction, YT/137 km O de Haines Junction, YT"
20260525.1356001,2026-05-25T13:56:55.000Z,54.5359,-118.4377,1.0,MLy,2.22,"Suspected industry-related event, 74 km SSE of Grande Prairie, AB/Événement lié à l'industrie soupconné, 74 km SSE de Grande Prairie, AB"
20260525.1617001,2026-05-25T16:17:20.000Z,52.9064,-67.3586,0.0,MwN,2.16,"Blast, 9 km NW of Bloom Lake Mine, QC/Dynamitage, 9 km NO de la mine Bloom Lake, QC"
20260525.1903001,2026-05-25T19:03:06.000Z,48.2818,-84.4277,0.0,MwN,1.89,"Blast, 14 km ESE of Dubreuilville, ON/Dynamitage, 14 km ESE de Dubreuilville, ON"
20260526.0354001,2026-05-26T03:54:41.000Z,59.6596,-138.0234,1.0,ML,2.55,"125 km SSW of Haines Junction, YT/125 km SSO de Haines Junction, YT"
20260526.0414001,2026-05-26T04:14:04.000Z,72.3155,-76.2757,18.0,MwN,1.8,"71 km SE of Pond Inlet, NU/71 km SE de Pond Inlet, NU"
20260526.0625002,2026-05-26T06:25:55.000Z,44.7573,-56.2874,18.0,ML,3.87,"328 km ESE of Glace Bay, NS/328 km ESE de Glace Bay, NS"
20260526.0714001,2026-05-26T07:14:53.000Z,54.5661,-118.5762,2.19,MLy,2.71,"Suspected industry-related event, 69 km SSE of Grande Prairie, AB/Événement lié à l'industrie soupconné, 69 km SSE de Grande Prairie, AB"
20260526.0827001,2026-05-26T08:27:10.000Z,52.7766,-132.4026,17.85,ML,2.79,"57 km SSW of Daajing Giids, BC/57 km SSO de Daajing Giids, BC"
20260526.1143001,2026-05-26T11:43:30.000Z,48.9244,-71.1091,18.0,MwN,1.18,"34 km N of Saint-David-de-Falardeau, QC/34 km N de Saint-David-de-Falardeau, QC"
20260526.1653001,2026-05-26T16:53:02.000Z,65.8177,-135.6814,5.0,ML,2.81,"183 km SSW of Fort McPherson, NT/183 km SSO de Fort McPherson, NT"
20260526.1741001,2026-05-26T17:41:41.000Z,47.4678,-92.5878,0.0,MwN,1.99,"Blast, 7 km SSW of Virginia, MN/Dynamitage, 7 km SSO de Virginia, MN"
20260526.1749001,2026-05-26T17:49:27.000Z,47.6848,-70.0651,11.99,MwN,0.64,"7 km ENE of La Malbaie, QC/7 km ENE de La Malbaie, QC"
20260526.2003001,2026-05-26T20:03:41.000Z,46.4177,-67.2656,5.0,MwN,1.08,"18 km ENE of Coldstream, NB/18 km ENE de Coldstream, NB"
20260526.2119001,2026-05-26T21:19:07.000Z,52.5649,-131.9782,22.25,ML,2.26,"77 km S of Daajing Giids, BC/77 km S de Daajing Giids, BC"
20260526.2254001,2026-05-26T22:54:05.000Z,65.429,-96.7665,1.0,MwN,2.34,"Blast, 4 km WNW of Amaruq Mine, NU/Dynamitage, 4 km ONO de la mine Amaruq, NU"
20260526.2353001,2026-05-26T23:53:29.000Z,49.4295,-91.1697,2.0,MwN,1.04,"35 km E of Ignace, ON/35 km E de Ignace, ON"
20260527.0027001,2026-05-27T00:27:19.000Z,54.5834,-118.5098,2.27,MLy,2.79,"Suspected industry-related event, 68 km SSE of Grande Prairie, AB/Événement lié à l'industrie soupconné, 68 km SSE de Grande Prairie, AB"
20260527.0149001,2026-05-27T01:49:11.000Z,51.375,-130.9613,10.0,MLSn,2.24,"253 km WNW of Port Hardy, BC/253 km ONO de Port Hardy, BC"
20260527.0427001,2026-05-27T04:27:26.000Z,72.4809,-71.5651,18.0,ML,3.53,"214 km E of Pond Inlet, NU/214 km E de Pond Inlet, NU"
20260527.0722001,2026-05-27T07:22:53.000Z,54.5866,-118.5236,5.32,MLy,2.45,"Suspected industry-related event, 67 km SSE of Grande Prairie, AB/Événement lié à l'industrie soupconné, 67 km SSE de Grande Prairie, AB"
20260527.0917001,2026-05-27T09:17:13.000Z,53.7315,-133.4101,18.7,ML,3.31,"88 km WSW of Masset, BC/88 km OSO de Masset, BC"
20260527.0952001,2026-05-27T09:52:14.000Z,60.0572,-140.9815,5.0,ML,3.19,"206 km WSW of Haines Junction, YT/206 km OSO de Haines Junction, YT"
20260527.1038001,2026-05-27T10:38:57.000Z,50.5333,-63.166,0.0,MwN,2.69,"Blast, 18 km E of Lac Tio Mine, QC/Dynamitage, 18 km E de la mine Lac Tio, QC"
20260527.1045001,2026-05-27T10:45:29.000Z,58.5289,-137.1019,10.0,ML,2.8,"158 km W of Juneau, AK/158 km O de Juneau, AK"
20260527.1056002,2026-05-27T10:56:03.000Z,46.474,-81.1861,2.42,MwN,2.24,"Mining event, Creighton Mine, ON/Événement minier, Mine Creighton, ON"
20260527.1303001,2026-05-27T13:03:02.000Z,53.3377,-133.1151,22.09,ML,3.32,"69 km W of Daajing Giids, BC/69 km O de Daajing Giids, BC"
20260527.1513001,2026-05-27T15:13:54.000Z,58.6938,-136.0928,5.0,ML,2.57,"106 km WNW of Juneau, AK/106 km ONO de Juneau, AK"
20260527.1547001,2026-05-27T15:47:00.000Z,54.5786,-118.5693,4.9,MLy,2.39,"Suspected industry-related event, 67 km SSE of Grande Prairie, AB/Événement lié à l'industrie soupconné, 67 km SSE de Grande Prairie, AB"
20260527.1556001,2026-05-27T15:56:30.000Z,46.3746,-87.6606,0.0,MwN,2.26,"Blast, 27 km SW of Marquette, MI/Dynamitage, 27 km SO de Marquette, MI"
20260527.1600001,2026-05-27T16:00:18.000Z,52.7529,-67.106,0.0,MwN,2.37,"Blast, 4 km SSW of Fermont, QC/Dynamitage, 4 km SSO de Fermont, QC"
20260527.1720001,2026-05-27T17:20:11.000Z,49.243,-67.5551,18.0,MwN,1.07,"44 km N of Matane, QC/44 km N de Matane, QC"
20260527.1728001,2026-05-27T17:28:54.000Z,46.474,-81.1861,2.31,MwN,1.88,"Mining event, Creighton Mine, ON/Événement minier, Mine Creighton, ON"
20260527.1801001,2026-05-27T18:01:52.000Z,50.0018,-79.7901,1.0,MwN,2.02,"Blast, 5 km WSW of Detour Lake Mine, ON/Dynamitage, 5 km OSO de la mine Detour Lake, ON"
20260527.1802002,2026-05-27T18:02:59.000Z,67.8444,-136.1809,5.0,ML,3.78,"64 km SW of Aklavik, NT/64 km SO de Aklavik, NT"
20260527.1853001,2026-05-27T18:53:05.000Z,60.4144,-139.5941,1.0,ML,2.62,"120 km WSW of Haines Junction, YT/120 km OSO de Haines Junction, YT"
20260527.1938001,2026-05-27T19:38:33.000Z,49.479,-128.4289,10.0,Mw',2.81,"125 km SSW of Port Alice, BC/125 km SSO de Port Alice, BC"
20260527.1946001,2026-05-27T19:46:33.000Z,49.6522,-86.9826,1.0,MwN,2.02,"Blast, 8 km SSW of Geraldton, ON/Dynamitage, 8 km SSO de Geraldton, ON"
20260527.2111001,2026-05-27T21:11:14.000Z,60.488,-140.0138,5.0,ML,2.71,"140 km W of Haines Junction, YT/140 km O de Haines Junction, YT"
20260527.2304001,2026-05-27T23:04:53.000Z,55.5987,-122.2993,0.0,ML,2.82,"Blast, 1 km W of Willow Creek Mine, BC/Dynamitage, 1 km O de la mine Willow Creek, BC"
20260528.0409001,2026-05-28T04:09:13.000Z,60.4875,-141.2492,5.0,ML,1.68,"206 km W of Haines Junction, YT/206 km O de Haines Junction, YT"
20260528.0411001,2026-05-28T04:11:21.000Z,49.0854,-128.9703,10.0,Mw',2.38,"211 km SSW of Port Hardy, BC/211 km SSO de Port Hardy, BC"
20260528.0425001,2026-05-28T04:25:36.000Z,60.3727,-139.5027,5.0,ML,2.84,"117 km WSW of Haines Junction, YT/117 km OSO de Haines Junction, YT"
20260528.0427001,2026-05-28T04:27:25.000Z,49.6081,-126.5611,30.02,ML1,1.39,"5 km ENE of Yuquot 1, BC/5 km ENE de Yuquot 1, BC"
20260528.0502001,2026-05-28T05:02:10.000Z,49.0363,-128.8145,10.0,Mw',2.64,"182 km SSW of Port Alice, BC/182 km SSO de Port Alice, BC"
20260528.0601001,2026-05-28T06:01:30.000Z,54.6046,-118.606,1.0,MLy,2.43,"Suspected industry-related event, 64 km S of Grande Prairie, AB/Événement lié à l'industrie soupconné, 64 km S de Grande Prairie, AB"
20260528.1053001,2026-05-28T10:53:19.000Z,54.5627,-118.4629,1.0,MLy,2.0,"Suspected industry-related event, 71 km SSE of Grande Prairie, AB/Événement lié à l'industrie soupconné, 71 km SSE de Grande Prairie, AB"
20260528.1128001,2026-05-28T11:28:07.000Z,49.4422,-128.4,10.0,Mw',2.95,"127 km SSW of Port Alice, BC/127 km SSO de Port Alice, BC"
20260528.1238001,2026-05-28T12:38:47.000Z,54.8414,-118.7312,1.0,MLy,2.1,"Suspected industry-related event, 37 km S of Grande Prairie, AB/Événement lié à l'industrie soupconné, 37 km S de Grande Prairie, AB"
20260528.1412001,2026-05-28T14:12:19.000Z,60.495,-140.0139,5.0,ML,2.19,"140 km W of Haines Junction, YT/140 km O de Haines Junction, YT"
20260528.1600001,2026-05-28T16:00:55.000Z,60.4033,-139.5775,5.0,ML,2.64,"119 km WSW of Haines Junction, YT/119 km OSO de Haines Junction, YT"
20260528.1706001,2026-05-28T17:06:43.000Z,54.5806,-118.5828,1.0,MLy,2.18,"Suspected industry-related event, 67 km SSE of Grande Prairie, AB/Événement lié à l'industrie soupconné, 67 km SSE de Grande Prairie, AB"
20260528.1725001,2026-05-28T17:25:54.000Z,54.3175,-118.5601,1.0,MLy,2.17,"Suspected industry-related event, 60 km NE of Grande Cache, AB/Événement lié à l'industrie soupconné, 60 km NE de Grande Cache, AB"
20260528.1840001,2026-05-28T18:40:45.000Z,60.1023,-141.0717,5.0,ML,2.49,"208 km WSW of Haines Junction, YT/208 km OSO de Haines Junction, YT"
20260528.2032001,2026-05-28T20:32:44.000Z,47.4631,-70.0546,15.08,MwN,0.92,"10 km N of La Pocatière, QC/10 km N de La Pocatière, QC"
20260528.2058001,2026-05-28T20:58:46.000Z,54.5968,-118.607,1.0,MLy,2.03,"Suspected industry-related event, 65 km S of Grande Prairie, AB/Événement lié à l'industrie soupconné, 65 km S de Grande Prairie, AB"
20260529.0101001,2026-05-29T01:01:02.000Z,50.4207,-64.6655,2.0,MwN,2.4,"48 km WNW of Mingan, QC/48 km ONO de Mingan, QC"
20260529.0202001,2026-05-29T02:02:53.000Z,54.5819,-118.5779,1.0,MLy,2.45,"Suspected industry-related event, 67 km SSE of Grande Prairie, AB/Événement lié à l'industrie soupconné, 67 km SSE de Grande Prairie, AB"
20260529.0418001,2026-05-29T04:18:57.000Z,45.7911,-67.3406,5.0,MwN,0.77,"21 km SSW of Southampton, NB/21 km SSO de Southampton, NB"
20260529.0420001,2026-05-29T04:20:07.000Z,60.4402,-139.6286,5.0,ML,2.39,"121 km WSW of Haines Junction, YT/121 km OSO de Haines Junction, YT"
20260529.0612001,2026-05-29T06:12:54.000Z,54.6001,-118.6043,1.0,MLy,2.29,"Suspected industry-related event, 65 km S of Grande Prairie, AB/Événement lié à l'industrie soupconné, 65 km S de Grande Prairie, AB"
20260529.0636001,2026-05-29T06:36:00.000Z,54.5994,-118.5832,1.0,MLy,2.39,"Suspected industry-related event, 65 km SSE of Grande Prairie, AB/Événement lié à l'industrie soupconné, 65 km SSE de Grande Prairie, AB"
20260529.0843001,2026-05-29T08:43:38.000Z,47.6204,-70.0158,10.66,MwN,0.1,"11 km ESE of La Malbaie, QC/11 km ESE de La Malbaie, QC"
20260529.1032001,2026-05-29T10:32:04.000Z,45.4499,-69.7025,5.0,MwN,0.89,"105 km SE of Saint-Georges, QC/105 km SE de Saint-Georges, QC"
20260529.1107001,2026-05-29T11:07:36.000Z,60.5311,-139.8415,5.0,ML,1.82,"129 km W of Haines Junction, YT/129 km O de Haines Junction, YT"
20260529.1249001,2026-05-29T12:49:58.000Z,54.7829,-118.5874,1.0,MLy,2.37,"Suspected industry-related event, 45 km SSE of Grande Prairie, AB/Événement lié à l'industrie soupconné, 45 km SSE de Grande Prairie, AB"
20260529.1348001,2026-05-29T13:48:51.000Z,60.5798,-139.966,5.0,ML,3.14,"135 km W of Haines Junction, YT/135 km O de Haines Junction, YT"
20260529.1846001,2026-05-29T18:46:30.000Z,60.5027,-140.0862,5.0,ML,1.86,"143 km W of Haines Junction, YT/143 km O de Haines Junction, YT"
20260529.1911001,2026-05-29T19:11:09.000Z,53.0856,-132.6348,13.57,ML,2.25,"41 km WSW of Daajing Giids, BC/41 km OSO de Daajing Giids, BC"
20260530.0202001,2026-05-30T02:02:59.000Z,58.3362,-141.9422,10.0,ML,2.95,"467 km WSW of Whitehorse, YT/467 km OSO de Whitehorse, YT"
20260530.0752001,2026-05-30T07:52:34.000Z,65.9833,-135.3477,5.0,ML,2.43,"163 km S of Fort McPherson, NT/163 km S de Fort McPherson, NT"
20260530.0756001,2026-05-30T07:56:41.000Z,47.6807,-70.1399,14.02,MwN,0.08,"3 km NNE of La Malbaie, QC/3 km NNE de La Malbaie, QC"
20260530.0941001,2026-05-30T09:41:28.000Z,52.5095,-131.9112,22.18,ML,2.14,"84 km S of Daajing Giids, BC/84 km S de Daajing Giids, BC"
20260530.1342001,2026-05-30T13:42:31.000Z,60.5119,-139.8926,1.0,ML,2.71,"133 km W of Haines Junction, YT/133 km O de Haines Junction, YT"
20260530.1528001,2026-05-30T15:28:54.000Z,49.041,-67.5319,18.0,MwN,0.18,"21 km N of Matane, QC/21 km N de Matane, QC"
20260530.1603001,2026-05-30T16:03:13.000Z,47.4116,-70.3295,11.65,MwN,0.67,"14 km ESE of Baie-Saint-Paul, QC/14 km ESE de Baie-Saint-Paul, QC"
20260530.1936001,2026-05-30T19:36:48.000Z,48.894,-129.1565,10.0,Mw',3.07,"236 km SSW of Port Hardy, BC/236 km SSO de Port Hardy, BC"
20260530.2139002,2026-05-30T21:39:20.000Z,70.9534,-132.224,25.0,ML,4.02,"170 km N of Tuktoyaktuk, NT/170 km N de Tuktoyaktuk, NT"
20260531.0056001,2026-05-31T00:56:26.000Z,54.517,-118.4603,2.19,MLy,2.78,"Suspected industry-related event, 76 km SSE of Grande Prairie, AB/Événement lié à l'industrie soupconné, 76 km SSE de Grande Prairie, AB"
20260531.0946001,2026-05-31T09:46:23.000Z,50.648,-120.522,1.1,ML,2.61,"Mining event, 13 km WSW of Kamloops, BC/Événement minier, 13 km OSO de Kamloops, BC"
20260531.1202001,2026-05-31T12:02:31.000Z,59.1803,-138.66,5.0,ML,2.69,"186 km SSW of Haines Junction, YT/186 km SSO de Haines Junction, YT"
20260531.2103001,2026-05-31T21:03:36.000Z,50.4982,-130.2457,10.0,Mw',2.71,"195 km W of Port Hardy, BC/195 km O de Port Hardy, BC"
20260531.2155001,2026-05-31T21:55:17.000Z,50.6038,-130.4329,10.0,Mw',2.67,"207 km W of Port Hardy, BC/207 km O de Port Hardy, BC"
20260531.2355001,2026-05-31T23:55:17.000Z,46.5695,-76.3899,10.83,MwN,1.33,"38 km WNW of Maniwaki, QC/38 km ONO de Maniwaki, QC"
20260601.0124001,2026-06-01T01:24:38.000Z,61.1504,-140.0044,5.0,ML,3.02,"59 km WSW of Burwash Landing, YT/59 km OSO de Burwash Landing, YT"
20260601.0140001,2026-06-01T01:40:40.000Z,60.19,-136.9657,5.0,ML,2.5,"69 km SSE of Haines Junction, YT/69 km SSE de Haines Junction, YT"
20260601.0311001,2026-06-01T03:11:40.000Z,49.4363,-127.8421,10.0,Mw',2.82,"74 km SSW of Houpsitas 6, BC/74 km SSO de Houpsitas 6, BC"
20260601.0349001,2026-06-01T03:49:59.000Z,68.8497,-68.3466,18.0,MwN,2.4,"180 km S of Clyde River, NU/180 km S de Clyde River, NU"
20260601.0520001,2026-06-01T05:20:00.000Z,68.8677,-68.2537,18.0,MwN,2.04,"178 km S of Clyde River, NU/178 km S de Clyde River, NU"
20260601.0650001,2026-06-01T06:50:43.000Z,53.2824,-132.9995,15.4,ML,2.57,"61 km W of Daajing Giids, BC/61 km O de Daajing Giids, BC"
20260601.0859001,2026-06-01T08:59:20.000Z,49.4481,-127.8189,10.0,Mw',2.49,"72 km SSW of Houpsitas 6, BC/72 km SSO de Houpsitas 6, BC"
20260601.0931001,2026-06-01T09:31:34.000Z,49.4323,-127.8555,10.0,Mw',2.26,"75 km SSW of Houpsitas 6, BC/75 km SSO de Houpsitas 6, BC"
20260601.1101001,2026-06-01T11:01:34.000Z,50.5351,-130.267,10.0,Mw',2.63,"196 km W of Port Hardy, BC/196 km O de Port Hardy, BC"
20260601.1102001,2026-06-01T11:02:30.000Z,54.6085,-118.576,1.0,MLy,3.58,"Suspected industry-related event, 64 km SSE of Grande Prairie, AB/Événement lié à l'industrie soupconné, 64 km SSE de Grande Prairie, AB"
20260601.1103001,2026-06-01T11:03:36.000Z,60.5162,-139.9137,5.0,ML,2.41,"134 km W of Haines Junction, YT/134 km O de Haines Junction, YT"
20260601.1240001,2026-06-01T12:40:09.000Z,49.4258,-127.8301,10.0,Mw',2.22,"75 km SSW of Houpsitas 6, BC/75 km SSO de Houpsitas 6, BC"
20260601.1253001,2026-06-01T12:53:40.000Z,60.49,-140.0053,5.0,ML,3.57,"139 km W of Haines Junction, YT/139 km O de Haines Junction, YT"
20260601.1303001,2026-06-01T13:03:42.000Z,60.4864,-140.0156,5.0,ML,2.89,"140 km W of Haines Junction, YT/140 km O de Haines Junction, YT"
20260601.1442001,2026-06-01T14:42:59.000Z,44.7612,-56.3269,18.0,ML,3.62,"325 km ESE of Glace Bay, NS/325 km ESE de Glace Bay, NS"
20260601.1904001,2026-06-01T19:04:49.000Z,52.7689,-132.342,15.7,ML,2.19,"57 km SSW of Daajing Giids, BC/57 km SSO de Daajing Giids, BC"
20260602.0517001,2026-06-02T05:17:01.000Z,60.4659,-139.7854,1.0,ML,2.75,"128 km WSW of Haines Junction, YT/128 km OSO de Haines Junction, YT"
20260602.0605001,2026-06-02T06:05:45.000Z,60.5384,-139.862,1.0,ML,2.53,"130 km W of Haines Junction, YT/130 km O de Haines Junction, YT"
20260602.0633003,2026-06-02T06:33:52.000Z,47.4828,-70.2151,17.86,MwN,2.12,"19 km SSW of La Malbaie, QC, felt/19 km SSO de La Malbaie, QC, ressenti"
20260602.0817001,2026-06-02T08:17:26.000Z,60.5403,-139.786,1.0,ML,2.59,"126 km W of Haines Junction, YT/126 km O de Haines Junction, YT"
20260602.0844001,2026-06-02T08:44:26.000Z,48.5511,-122.6314,16.14,ML,2.43,"26 km SSW of Bellingham, WA/26 km SSO de Bellingham, WA"
20260602.1026001,2026-06-02T10:26:40.000Z,52.0015,-131.3169,16.5,ML,2.27,"149 km SSE of Daajing Giids, BC/149 km SSE de Daajing Giids, BC"
20260602.1620001,2026-06-02T16:20:23.000Z,46.4927,-67.2567,5.0,MwN,1.26,"13 km E of Glassville, NB/13 km E de Glassville, NB"
20260602.1704001,2026-06-02T17:04:18.000Z,56.8685,-121.9432,5.0,MLy,2.75,"Suspected industry-related event, 55 km W of Prespatou, BC/Événement lié à l'industrie soupconné, 55 km O de Prespatou, BC"
20260602.1750001,2026-06-02T17:50:36.000Z,50.1729,-64.3328,18.0,MwN,1.33,"26 km WSW of Mingan, QC/26 km OSO de Mingan, QC"
20260602.1816001,2026-06-02T18:16:07.000Z,49.7092,-86.9005,1.0,MwN,2.02,"Blast, 4 km ESE of Geraldton, ON/Dynamitage, 4 km ESE de Geraldton, ON"
20260602.1834001,2026-06-02T18:34:48.000Z,47.5591,-81.9408,0.0,MwN,1.92,"Blast, 21 km SW of Gogama, ON/Dynamitage, 21 km SO de Gogama, ON"
20260602.1920001,2026-06-02T19:20:37.000Z,48.2826,-78.4578,1.0,MwN,1.92,"Blast, 19 km WNW of Rivière-Héva, QC/Dynamitage, 19 km ONO de Rivière-Héva, QC"
20260602.2001001,2026-06-02T20:01:05.000Z,52.8044,-67.3683,0.0,MwN,2.31,"Blast, 19 km W of Fermont, QC/Dynamitage, 19 km O de Fermont, QC"
20260602.2054001,2026-06-02T20:54:58.000Z,54.597,-118.5275,3.59,MLy,3.59,"Suspected industry-related event, 66 km SSE of Grande Prairie, AB/Événement lié à l'industrie soupconné, 66 km SSE de Grande Prairie, AB"
20260603.0302001,2026-06-03T03:02:11.000Z,48.8097,-128.9756,10.0,Mw',2.66,"238 km SSW of Port Hardy, BC/238 km SSO de Port Hardy, BC"
20260603.0449001,2026-06-03T04:49:47.000Z,66.7141,-135.7665,10.0,ML,3.11,"89 km SSW of Fort McPherson, NT/89 km SSO de Fort McPherson, NT"
20260603.0626001,2026-06-03T06:26:44.000Z,54.8009,-118.6696,2.71,MLy,2.92,"Suspected industry-related event, 42 km S of Grande Prairie, AB/Événement lié à l'industrie soupconné, 42 km S de Grande Prairie, AB"
20260603.0829001,2026-06-03T08:29:05.000Z,58.8395,-136.7292,1.0,ML,2.84,"146 km WNW of Juneau, AK/146 km ONO de Juneau, AK"
20260603.1032001,2026-06-03T10:32:59.000Z,50.5668,-130.3988,10.0,Mw',2.48,"205 km W of Port Hardy, BC/205 km O de Port Hardy, BC"
20260603.1040001,2026-06-03T10:40:09.000Z,50.3517,-130.1982,10.0,Mw',2.46,"195 km W of Port Hardy, BC/195 km O de Port Hardy, BC"
20260603.1045001,2026-06-03T10:45:54.000Z,50.5963,-130.3742,10.0,Mw',2.6,"203 km W of Port Hardy, BC/203 km O de Port Hardy, BC"
20260603.1051001,2026-06-03T10:51:42.000Z,50.5513,-130.3521,10.0,Mw',2.58,"202 km W of Port Hardy, BC/202 km O de Port Hardy, BC"
20260603.1333001,2026-06-03T13:33:03.000Z,60.6029,-140.1324,1.0,ML,3.52,"104 km SW of Burwash Landing, YT/104 km SO de Burwash Landing, YT"
20260603.1740001,2026-06-03T17:40:33.000Z,54.8055,-118.6686,2.76,MLy,2.56,"Suspected industry-related event, 41 km SSE of Grande Prairie, AB/Événement lié à l'industrie soupconné, 41 km SSE de Grande Prairie, AB"
20260603.1806001,2026-06-03T18:06:00.000Z,54.5859,-118.5408,1.0,MLy,2.45,"Suspected industry-related event, 67 km SSE of Grande Prairie, AB/Événement lié à l'industrie soupconné, 67 km SSE de Grande Prairie, AB"
20260604.0324001,2026-06-04T03:24:06.000Z,48.8873,-128.1815,10.0,Mw',2.38,"169 km W of Tofino, BC/169 km O de Tofino, BC"
20260604.0406001,2026-06-04T04:06:06.000Z,47.4818,-128.9969,10.0,Mw',3.27,"383 km SW of Courtenay, BC/383 km SO de Courtenay, BC"
20260604.0428001,2026-06-04T04:28:47.000Z,71.8042,-133.4539,30.0,ML,2.57,"262 km N of Tuktoyaktuk, NT/262 km N de Tuktoyaktuk, NT"
20260604.0510001,2026-06-04T05:10:31.000Z,49.3735,-123.9958,67.71,ML,1.84,"65 km WNW of Vancouver, BC/65 km ONO de Vancouver, BC"
20260604.0648001,2026-06-04T06:48:58.000Z,46.8828,-71.0184,11.87,MwN,1.02,"16 km NE of Lévis, QC/16 km NE de Lévis, QC"
20260604.0733001,2026-06-04T07:33:33.000Z,49.9164,-126.5763,39.45,ML,1.47,"6 km E of Tahsis, BC/6 km E de Tahsis, BC"
20260604.0822001,2026-06-04T08:22:06.000Z,61.0301,-140.123,5.0,ML,2.88,"71 km WSW of Burwash Landing, YT/71 km OSO de Burwash Landing, YT"
20260604.0903001,2026-06-04T09:03:33.000Z,52.536,-131.9667,18.83,ML,1.55,"80 km S of Daajing Giids, BC/80 km S de Daajing Giids, BC"
20260604.1024001,2026-06-04T10:24:50.000Z,66.1907,-135.4237,10.0,ML,2.0,"140 km S of Fort McPherson, NT/140 km S de Fort McPherson, NT"
20260604.1125001,2026-06-04T11:25:26.000Z,49.9787,-127.8034,16.48,ML,1.27,"31 km W of Houpsitas 6, BC/31 km O de Houpsitas 6, BC"
20260604.1504001,2026-06-04T15:04:20.000Z,60.0409,-139.3134,10.0,ML,2.8,"127 km SW of Haines Junction, YT/127 km SO de Haines Junction, YT"
20260604.1841001,2026-06-04T18:41:53.000Z,60.6856,-133.1577,5.0,ML,2.5,"24 km NNE of Johnsons Crossing, YT/24 km NNE de Johnsons Crossing, YT"
20260604.1916001,2026-06-04T19:16:55.000Z,53.3623,-117.4106,0.0,ML,3.75,"Blast, 11 km ESE of Hinton, AB/Dynamitage, 11 km ESE de Hinton, AB"
20260604.2118001,2026-06-04T21:18:10.000Z,60.7652,-137.7758,5.0,ML,2.62,"14 km W of Haines Junction, YT/14 km O de Haines Junction, YT"
20260605.0007001,2026-06-05T00:07:38.000Z,50.7885,-125.3869,1.0,ML,1.58,"78 km N of Heriot Bay, BC/78 km N de Heriot Bay, BC"
20260605.0057005,2026-06-05T00:57:43.000Z,60.7493,-137.7896,5.0,ML,3.57,"15 km W of Haines Junction, YT/15 km O de Haines Junction, YT"
20260605.0114001,2026-06-05T01:14:13.000Z,48.9345,-124.0518,21.48,ML,1.58,"18 km WSW of Ladysmith, BC/18 km OSO de Ladysmith, BC"
20260605.0247001,2026-06-05T02:47:47.000Z,50.2315,-129.8173,10.0,Mw',3.09,"173 km WSW of Port Hardy, BC/173 km OSO de Port Hardy, BC"
20260605.0521001,2026-06-05T05:21:19.000Z,46.474,-81.1861,2.39,MwN,1.74,"Mining event, Creighton Mine, ON/Événement minier, Mine Creighton, ON"
20260605.0537001,2026-06-05T05:37:28.000Z,67.484,-135.7446,5.0,ML,1.84,"37 km W of Fort McPherson, NT/37 km O de Fort McPherson, NT"
20260605.0621001,2026-06-05T06:21:36.000Z,46.474,-81.1861,2.37,MwN,1.6,"Mining event, Creighton Mine, ON/Événement minier, Mine Creighton, ON"
20260605.0656001,2026-06-05T06:56:50.000Z,48.4185,-122.6019,24.78,ML,1.83,"56 km E of Victoria, BC/56 km E de Victoria, BC"
20260605.0807001,2026-06-05T08:07:29.000Z,46.474,-81.1861,2.42,MwN,1.71,"Mining event, Creighton Mine, ON/Événement minier, Mine Creighton, ON"
20260605.0826001,2026-06-05T08:26:40.000Z,67.6716,-136.6868,10.0,ML,1.42,"81 km WNW of Fort McPherson, NT/81 km ONO de Fort McPherson, NT"
20260605.1148002,2026-06-05T11:48:45.000Z,63.2968,-123.5784,10.0,ML,3.05,"10 km NW of Wrigley, NT/10 km NO de Wrigley, NT"
20260605.1417001,2026-06-05T14:17:09.000Z,48.598,-123.6367,26.29,ML,1.59,"25 km NW of Saanich, BC/25 km NO de Saanich, BC"
20260605.1434001,2026-06-05T14:34:41.000Z,64.5773,-138.7887,5.0,ML,2.58,"65 km NNE of Dawson, YT/65 km NNE de Dawson, YT"
20260605.1453001,2026-06-05T14:53:23.000Z,47.624,-70.1218,7.48,MwN,0.49,"4 km SE of La Malbaie, QC/4 km SE de La Malbaie, QC"
20260605.1728001,2026-06-05T17:28:18.000Z,47.485,-70.139,7.49,MwN,0.96,"18 km S of La Malbaie, QC/18 km S de La Malbaie, QC"
20260605.1951001,2026-06-05T19:51:47.000Z,47.4936,-128.9054,10.0,Mw',3.42,"377 km SW of Courtenay, BC/377 km SO de Courtenay, BC"
20260605.2350001,2026-06-05T23:50:53.000Z,46.1705,-75.3982,16.96,MwN,1.06,"22 km SE of Notre-Dame-de-Pontmain, QC/22 km SE de Notre-Dame-de-Pontmain, QC"
20260606.0153001,2026-06-06T01:53:41.000Z,48.7154,-120.2533,6.1,ML,2.3,"67 km WSW of Osoyoos, BC/67 km OSO de Osoyoos, BC"
20260606.0946001,2026-06-06T09:46:03.000Z,46.6108,-66.046,5.0,MwN,0.91,"7 km NE of Doaktown, NB/7 km NE de Doaktown, NB"
20260606.1103001,2026-06-06T11:03:45.000Z,49.5565,-128.3739,20.0,Mw',2.65,"116 km SSW of Port Alice, BC/116 km SSO de Port Alice, BC"
20260606.1515001,2026-06-06T15:15:11.000Z,54.6522,-118.6551,0.68,MLy,2.77,"Suspected industry-related event, 58 km S of Grande Prairie, AB/Événement lié à l'industrie soupconné, 58 km S de Grande Prairie, AB"
20260606.1637001,2026-06-06T16:37:00.000Z,60.5505,-140.0133,5.0,ML,2.4,"138 km W of Haines Junction, YT/138 km O de Haines Junction, YT"
20260606.1845001,2026-06-06T18:45:11.000Z,48.0577,-71.5833,14.19,MwN,0.97,"47 km SSW of Chicoutimi - Jonquière, QC/47 km SSO de Chicoutimi - Jonquière, QC"
20260606.2003001,2026-06-06T20:03:23.000Z,49.455,-128.3286,10.0,Mw',2.43,"124 km SSW of Port Alice, BC/124 km SSO de Port Alice, BC"
20260607.0523001,2026-06-07T05:23:12.000Z,46.474,-81.1861,2.5,MwN,1.88,"Mining event, Creighton Mine, ON/Événement minier, Mine Creighton, ON"
20260607.0606001,2026-06-07T06:06:42.000Z,46.474,-81.1861,2.54,MwN,1.78,"Mining event, Creighton Mine, ON/Événement minier, Mine Creighton, ON"
20260607.0627001,2026-06-07T06:27:13.000Z,47.4267,-70.4675,6.38,MwN,0.17,"4 km SE of Baie-Saint-Paul, QC/4 km SE de Baie-Saint-Paul, QC"
20260607.0704001,2026-06-07T07:04:28.000Z,47.4211,-70.0677,20.21,MwN,0.47,"6 km NNW of La Pocatière, QC/6 km NNO de La Pocatière, QC"
20260607.0859001,2026-06-07T08:59:13.000Z,47.2366,-70.3266,10.92,MwN,0.54,"5 km WNW of Saint-Jean-Port-Joli, QC/5 km ONO de Saint-Jean-Port-Joli, QC"
20260607.1501001,2026-06-07T15:01:48.000Z,56.8721,-121.9281,4.61,MLy,2.71,"Suspected industry-related event, 54 km W of Prespatou, BC/Événement lié à l'industrie soupconné, 54 km O de Prespatou, BC"
20260607.1700001,2026-06-07T17:00:54.000Z,54.056,-119.1357,0.0,ML,2.99,"Blast, 19 km N of Grande Cache, AB/Dynamitage, 19 km N de Grande Cache, AB"
20260607.1859001,2026-06-07T18:59:13.000Z,47.4344,-70.3022,13.05,MwN,0.51,"15 km E of Baie-Saint-Paul, QC/15 km E de Baie-Saint-Paul, QC"
20260607.1918001,2026-06-07T19:18:38.000Z,47.4474,-70.3709,3.36,MwN,0.52,"10 km E of Baie-Saint-Paul, QC/10 km E de Baie-Saint-Paul, QC"
20260607.2148001,2026-06-07T21:48:45.000Z,55.0294,-123.871,0.0,ML,2.07,"Blast, 14 km SE of Mount Milligan Mine, BC/Dynamitage, 14 km SE de la mine Mount Milligan, BC"
20260607.2207001,2026-06-07T22:07:52.000Z,54.9088,-121.1328,0.0,ML,2.39,"Blast, 15 km SW of Trend Mine, BC/Dynamitage, 15 km SO de la mine Trend, BC"
20260608.0221001,2026-06-08T02:21:59.000Z,66.6555,-135.8348,5.0,ML,2.01,"96 km SSW of Fort McPherson, NT/96 km SSO de Fort McPherson, NT"
20260608.0255001,2026-06-08T02:55:08.000Z,45.7039,-76.4363,21.86,MwN,1.6,"12 km NNE of Shawville, QC, felt/12 km NNE de Shawville, QC, ressenti"
20260608.0605001,2026-06-08T06:05:08.000Z,53.863,-131.6389,29.01,ML,2.15,"37 km ESE of Masset, BC/37 km ESE de Masset, BC"
20260608.0619001,2026-06-08T06:19:07.000Z,53.0254,-132.6725,17.93,ML,2.41,"47 km WSW of Daajing Giids, BC/47 km OSO de Daajing Giids, BC"
20260608.0643004,2026-06-08T06:43:56.000Z,48.278,-122.6213,28.41,ML,3.12,"57 km ESE of Victoria, BC/57 km ESE de Victoria, BC"
20260608.0646001,2026-06-08T06:46:31.000Z,48.2899,-122.6102,29.17,ML,2.53,"58 km ESE of Victoria, BC/58 km ESE de Victoria, BC"
20260608.0738001,2026-06-08T07:38:28.000Z,48.2843,-122.6079,29.15,ML,1.83,"58 km ESE of Victoria, BC/58 km ESE de Victoria, BC"
20260608.0800001,2026-06-08T08:00:27.000Z,60.5912,-139.9222,5.0,ML,2.49,"99 km SSW of Burwash Landing, YT/99 km SSO de Burwash Landing, YT"
20260608.1204001,2026-06-08T12:04:50.000Z,60.3621,-139.5601,5.0,ML,2.5,"120 km WSW of Haines Junction, YT/120 km OSO de Haines Junction, YT"
20260608.1531001,2026-06-08T15:31:25.000Z,46.474,-81.1861,2.37,MwN,2.06,"Mining event, Creighton Mine, ON/Événement minier, Mine Creighton, ON"
20260608.1546001,2026-06-08T15:46:49.000Z,53.0283,-132.7263,16.39,ML,3.23,"50 km WSW of Daajing Giids, BC/50 km OSO de Daajing Giids, BC"
20260608.2213001,2026-06-08T22:13:09.000Z,60.7786,-137.7903,5.0,ML,2.74,"15 km W of Haines Junction, YT/15 km O de Haines Junction, YT"
20260608.2226001,2026-06-08T22:26:15.000Z,49.4661,-128.3665,10.0,Mw',3.63,"124 km SSW of Port Alice, BC/124 km SSO de Port Alice, BC"
20260608.2237001,2026-06-08T22:37:28.000Z,46.0575,-77.2018,18.0,MwN,0.6,"21 km NNE of Petawawa, ON/21 km NNE de Petawawa, ON"
20260609.0326001,2026-06-09T03:26:21.000Z,49.5435,-128.3883,20.0,Mw',2.04,"117 km SSW of Port Alice, BC/117 km SSO de Port Alice, BC"
20260609.0509001,2026-06-09T05:09:28.000Z,49.5285,-128.3707,20.0,Mw',3.19,"118 km SSW of Port Alice, BC/118 km SSO de Port Alice, BC"
20260609.0644001,2026-06-09T06:44:17.000Z,49.5447,-128.4159,20.0,Mw',2.63,"118 km SW of Port Alice, BC/118 km SO de Port Alice, BC"
20260609.0741001,2026-06-09T07:41:11.000Z,56.8724,-121.9273,5.0,MLy,2.25,"Suspected industry-related event, 54 km W of Prespatou, BC/Événement lié à l'industrie soupconné, 54 km O de Prespatou, BC"
20260609.0956001,2026-06-09T09:56:11.000Z,49.5612,-128.3891,20.0,Mw',2.2,"116 km SW of Port Alice, BC/116 km SO de Port Alice, BC"
20260609.1016001,2026-06-09T10:16:57.000Z,49.5014,-128.3744,20.0,Mw',2.92,"121 km SSW of Port Alice, BC/121 km SSO de Port Alice, BC"
20260609.1018001,2026-06-09T10:18:23.000Z,49.5859,-128.4146,20.0,Mw',2.39,"115 km SW of Port Alice, BC/115 km SO de Port Alice, BC"
20260609.1453001,2026-06-09T14:53:00.000Z,56.6864,-121.5864,4.28,MLy,2.38,"Suspected industry-related event, 30 km W of Blueberry River 205, BC/Événement lié à l'industrie soupconné, 30 km O de Blueberry River 205, BC"
20260609.1815001,2026-06-09T18:15:23.000Z,61.9836,-133.5342,5.0,ML,2.72,"29 km SSW of Faro, YT/29 km SSO de Faro, YT"
20260609.1944001,2026-06-09T19:44:57.000Z,58.0638,-137.2803,5.0,ML,2.25,"170 km W of Juneau, AK/170 km O de Juneau, AK"
20260609.2024001,2026-06-09T20:24:26.000Z,49.9826,-114.7697,0.0,ML,3.27,"Blast, 12 km ESE of Elkford, BC/Dynamitage, 12 km ESE de Elkford, BC"
20260609.2127001,2026-06-09T21:27:04.000Z,49.3323,-120.5152,0.0,ML,2.46,"Blast, 14 km S of Princeton, BC/Dynamitage, 14 km S de Princeton, BC"
20260609.2357001,2026-06-09T23:57:13.000Z,54.5269,-118.4735,1.79,MLy,2.72,"Suspected industry-related event, 75 km SSE of Grande Prairie, AB/Événement lié à l'industrie soupconné, 75 km SSE de Grande Prairie, AB"
20260610.0125001,2026-06-10T01:25:10.000Z,52.2175,-131.6353,15.81,ML,2.42,"119 km SSE of Daajing Giids, BC/119 km SSE de Daajing Giids, BC"
20260610.0223001,2026-06-10T02:23:46.000Z,49.195,-125.6991,32.64,ML,1.46,"16 km ENE of Tofino, BC/16 km ENE de Tofino, BC"
20260610.0712001,2026-06-10T07:12:23.000Z,54.5242,-118.4861,1.0,MLy,2.4,"Suspected industry-related event, 75 km SSE of Grande Prairie, AB/Événement lié à l'industrie soupconné, 75 km SSE de Grande Prairie, AB"
20260610.0742001,2026-06-10T07:42:33.000Z,48.6211,-123.0125,14.99,ML,1.42,"32 km NE of Saanich, BC/32 km NE de Saanich, BC"
20260610.0922001,2026-06-10T09:22:43.000Z,49.5032,-128.3339,10.0,Mw',2.92,"119 km SSW of Port Alice, BC/119 km SSO de Port Alice, BC"
20260610.1009001,2026-06-10T10:09:51.000Z,52.6347,-132.1075,18.34,ML,2.04,"69 km S of Daajing Giids, BC/69 km S de Daajing Giids, BC"
20260610.1017001,2026-06-10T10:17:34.000Z,54.55,-118.4562,3.93,MLy,2.15,"Suspected industry-related event, 72 km SSE of Grande Prairie, AB/Événement lié à l'industrie soupconné, 72 km SSE de Grande Prairie, AB"
20260610.1137001,2026-06-10T11:37:46.000Z,49.5376,-128.3617,20.0,Mw',2.56,"117 km SSW of Port Alice, BC/117 km SSO de Port Alice, BC"
20260610.1214001,2026-06-10T12:14:47.000Z,48.8622,-122.7197,28.78,ML,1.05,"29 km SSE of Surrey, BC/29 km SSE de Surrey, BC"
20260610.1317001,2026-06-10T13:17:14.000Z,66.6476,-130.4161,1.0,ML,3.52,"90 km WNW of Fort Good Hope, NT/90 km ONO de Fort Good Hope, NT"
20260610.1326001,2026-06-10T13:26:04.000Z,54.479,-118.4968,1.0,MLy,2.07,"Suspected industry-related event, 79 km SSE of Grande Prairie, AB/Événement lié à l'industrie soupconné, 79 km SSE de Grande Prairie, AB"
20260610.1427001,2026-06-10T14:27:24.000Z,47.3012,-67.8197,5.0,MwN,2.0,"17 km NNE of Saint-Léonard, NB/17 km NNE de Saint-Léonard, NB"
20260610.1459001,2026-06-10T14:59:13.000Z,49.4761,-127.8112,20.0,ML,1.67,"69 km SSW of Houpsitas 6, BC/69 km SSO de Houpsitas 6, BC"
20260610.1832001,2026-06-10T18:32:52.000Z,54.5296,-118.4801,1.15,MLy,2.67,"Suspected industry-related event, 74 km SSE of Grande Prairie, AB/Événement lié à l'industrie soupconné, 74 km SSE de Grande Prairie, AB"
20260610.1940001,2026-06-10T19:40:41.000Z,53.2254,-132.7976,17.21,ML,1.41,"48 km W of Daajing Giids, BC/48 km O de Daajing Giids, BC"
20260610.2051001,2026-06-10T20:51:42.000Z,53.2147,-132.815,18.82,ML,2.29,"49 km W of Daajing Giids, BC/49 km O de Daajing Giids, BC"
20260610.2331001,2026-06-10T23:31:03.000Z,46.9335,-71.0275,12.24,MwN,1.59,"10 km ENE of Boischatel, QC/10 km ENE de Boischatel, QC"
20260611.0109001,2026-06-11T01:09:33.000Z,47.7381,-70.1798,8.85,MwN,0.57,"10 km NNW of La Malbaie, QC/10 km NNO de La Malbaie, QC"
20260611.0215001,2026-06-11T02:15:14.000Z,53.1065,-132.8979,14.64,ML,2.31,"57 km WSW of Daajing Giids, BC/57 km OSO de Daajing Giids, BC"
20260611.0217001,2026-06-11T02:17:01.000Z,54.6758,-118.5122,1.0,MLy,2.31,"Suspected industry-related event, 58 km SSE of Grande Prairie, AB/Événement lié à l'industrie soupconné, 58 km SSE de Grande Prairie, AB"
20260611.0328001,2026-06-11T03:28:40.000Z,52.0022,-131.3085,17.67,ML,2.3,"149 km SSE of Daajing Giids, BC/149 km SSE de Daajing Giids, BC"
20260611.0423001,2026-06-11T04:23:14.000Z,49.4493,-128.3314,10.0,Mw',2.9,"124 km SSW of Port Alice, BC/124 km SSO de Port Alice, BC"
20260611.0526001,2026-06-11T05:26:23.000Z,49.0299,-123.1292,21.2,ML,1.76,"15 km S of Richmond, BC/15 km S de Richmond, BC"
20260611.0539001,2026-06-11T05:39:03.000Z,54.7715,-118.6903,1.0,MLy,2.27,"Suspected industry-related event, 45 km S of Grande Prairie, AB/Événement lié à l'industrie soupconné, 45 km S de Grande Prairie, AB"
20260611.0614001,2026-06-11T06:14:13.000Z,54.6784,-118.519,1.0,MLy,2.99,"Suspected industry-related event, 58 km SSE of Grande Prairie, AB/Événement lié à l'industrie soupconné, 58 km SSE de Grande Prairie, AB"
20260611.0634001,2026-06-11T06:34:40.000Z,49.922,-123.9136,10.0,ML1,1.0,"45 km ENE of Powell River, BC/45 km ENE de Powell River, BC"
20260611.0726001,2026-06-11T07:26:51.000Z,48.6655,-122.5044,17.72,ML1,1.02,"11 km S of Bellingham, WA/11 km S de Bellingham, WA"
20260611.0843001,2026-06-11T08:43:36.000Z,49.5301,-128.3514,10.0,Mw',3.29,"117 km SSW of Port Alice, BC/117 km SSO de Port Alice, BC"
20260611.1052001,2026-06-11T10:52:37.000Z,54.5271,-118.5839,1.0,MLy,2.24,"Suspected industry-related event, 73 km S of Grande Prairie, AB/Événement lié à l'industrie soupconné, 73 km S de Grande Prairie, AB"
20260611.1210001,2026-06-11T12:10:47.000Z,52.6301,-132.0898,17.55,ML,2.16,"69 km S of Daajing Giids, BC/69 km S de Daajing Giids, BC"
20260611.1437001,2026-06-11T14:37:50.000Z,48.9676,-122.8763,28.42,ML,2.53,"16 km SSW of Surrey, BC/16 km SSO de Surrey, BC"
20260611.1515001,2026-06-11T15:15:10.000Z,54.6714,-118.506,1.0,MLy,2.66,"Suspected industry-related event, 59 km SSE of Grande Prairie, AB/Événement lié à l'industrie soupconné, 59 km SSE de Grande Prairie, AB"
20260611.1636001,2026-06-11T16:36:02.000Z,50.8079,-129.6033,10.0,Mw',2.8,"148 km W of Port Hardy, BC/148 km O de Port Hardy, BC"
20260611.1948001,2026-06-11T19:48:23.000Z,60.3945,-139.4501,5.0,ML,2.97,"113 km WSW of Haines Junction, YT/113 km OSO de Haines Junction, YT"
20260611.1950001,2026-06-11T19:50:57.000Z,54.3583,-117.5561,1.0,MLy,2.6,"Suspected industry-related event, 49 km W of Fox Creek, AB/Événement lié à l'industrie soupconné, 49 km O de Fox Creek, AB"
20260611.2018001,2026-06-11T20:18:28.000Z,49.5511,-127.6073,24.32,ML,2.39,"56 km SSW of Houpsitas 6, BC/56 km SSO de Houpsitas 6, BC"
20260611.2251001,2026-06-11T22:51:10.000Z,60.3962,-139.4821,5.0,ML,2.01,"115 km WSW of Haines Junction, YT/115 km OSO de Haines Junction, YT"
20260612.0032001,2026-06-12T00:32:44.000Z,46.0634,-71.3299,0.0,MwN,1.77,"Suspected blast, 5 km SSW of Thetford Mines, QC/Dynamitage soupconné, 5 km SSO de Thetford Mines, QC"
20260612.1228001,2026-06-12T12:28:25.000Z,47.6181,-127.8314,10.0,Mw',2.85,"287 km SW of Port Alberni, BC/287 km SO de Port Alberni, BC"
20260612.2128001,2026-06-12T21:28:06.000Z,60.568,-139.7388,5.0,ML,2.83,"123 km W of Haines Junction, YT/123 km O de Haines Junction, YT"
20260613.0141001,2026-06-13T01:41:17.000Z,48.4374,-123.5869,17.03,ML,1.59,"16 km W of Victoria, BC/16 km O de Victoria, BC"
20260613.0326001,2026-06-13T03:26:06.000Z,48.9862,-67.5638,18.0,MwN,0.82,"15 km N of Matane, QC/15 km N de Matane, QC"
20260613.0517001,2026-06-13T05:17:13.000Z,44.1819,-69.9225,5.0,MwN,1.31,"25 km ENE of Lewiston, ME/25 km ENE de Lewiston, ME"
20260613.0638003,2026-06-13T06:38:16.000Z,48.5321,-71.157,0.49,MwN,2.71,"Mining event, Niobec Mine, QC, felt/Événement minier, Mine Niobec, QC, ressenti"
20260613.0645001,2026-06-13T06:45:46.000Z,48.5321,-71.157,0.5,MwN,1.35,"Mining event, Niobec Mine, QC/Événement minier, Mine Niobec, QC"
20260613.0652001,2026-06-13T06:52:56.000Z,48.5321,-71.157,0.5,MwN,0.7,"Mining event, Niobec Mine, QC/Événement minier, Mine Niobec, QC"
20260613.0711001,2026-06-13T07:11:01.000Z,48.5321,-71.157,0.5,MwN,0.51,"Mining event, Niobec Mine, QC/Événement minier, Mine Niobec, QC"
20260613.0824002,2026-06-13T08:24:24.000Z,48.287,-122.6186,29.09,ML,2.07,"57 km ESE of Victoria, BC/57 km ESE de Victoria, BC"
20260613.0849001,2026-06-13T08:49:25.000Z,54.6097,-118.5676,1.0,MLy,2.67,"Suspected industry-related event, 64 km SSE of Grande Prairie, AB/Événement lié à l'industrie soupconné, 64 km SSE de Grande Prairie, AB"
20260613.1048001,2026-06-13T10:48:59.000Z,49.4366,-127.838,10.0,Mw',2.82,"74 km SSW of Houpsitas 6, BC/74 km SSO de Houpsitas 6, BC"
20260613.1103001,2026-06-13T11:03:48.000Z,52.5765,-132.0709,19.98,ML,2.1,"75 km S of Daajing Giids, BC/75 km S de Daajing Giids, BC"
20260613.1218001,2026-06-13T12:18:40.000Z,49.4596,-127.8474,10.0,Mw',3.96,"72 km SSW of Houpsitas 6, BC/72 km SSO de Houpsitas 6, BC"
20260613.1237001,2026-06-13T12:37:34.000Z,49.444,-127.837,10.0,Mw',2.99,"73 km SSW of Houpsitas 6, BC/73 km SSO de Houpsitas 6, BC"
20260613.1242001,2026-06-13T12:42:52.000Z,48.7683,-129.1839,10.0,Mw',3.53,"249 km SSW of Port Hardy, BC/249 km SSO de Port Hardy, BC"
20260613.1320001,2026-06-13T13:20:28.000Z,48.948,-128.0283,10.0,Mw',3.08,"156 km W of Tofino, BC/156 km O de Tofino, BC"
20260613.1353001,2026-06-13T13:53:40.000Z,49.4901,-127.8362,20.0,ML,2.59,"69 km SSW of Houpsitas 6, BC/69 km SSO de Houpsitas 6, BC"
20260613.1840001,2026-06-13T18:40:04.000Z,49.4365,-127.8277,10.0,Mw',2.37,"74 km SSW of Houpsitas 6, BC/74 km SSO de Houpsitas 6, BC"
20260614.0116001,2026-06-14T01:16:58.000Z,61.0368,-140.1228,5.0,ML,2.15,"70 km WSW of Burwash Landing, YT/70 km OSO de Burwash Landing, YT"
20260614.0135001,2026-06-14T01:35:52.000Z,59.1918,-137.3479,5.0,ML,3.01,"210 km SW of Whitehorse, YT/210 km SO de Whitehorse, YT"
20260614.0143001,2026-06-14T01:43:17.000Z,60.5203,-140.0274,5.0,ML,2.14,"140 km W of Haines Junction, YT/140 km O de Haines Junction, YT"
20260614.0248002,2026-06-14T02:48:49.000Z,49.4467,-127.903,10.0,ML,1.57,"75 km SSW of Houpsitas 6, BC/75 km SSO de Houpsitas 6, BC"
20260614.0342001,2026-06-14T03:42:20.000Z,49.9773,-127.8571,36.36,ML,2.05,"56 km SSW of Port Alice, BC/56 km SSO de Port Alice, BC"
20260614.0449001,2026-06-14T04:49:15.000Z,60.5951,-139.8824,5.0,ML,2.21,"97 km SSW of Burwash Landing, YT/97 km SSO de Burwash Landing, YT"
20260614.0654001,2026-06-14T06:54:59.000Z,60.5443,-139.8213,5.0,ML,2.26,"128 km W of Haines Junction, YT/128 km O de Haines Junction, YT"
20260614.0656001,2026-06-14T06:56:38.000Z,49.437,-127.8067,10.0,ML,1.38,"73 km SSW of Houpsitas 6, BC/73 km SSO de Houpsitas 6, BC"
20260614.0720001,2026-06-14T07:20:18.000Z,51.9706,-131.3583,24.51,ML,2.12,"151 km SSE of Daajing Giids, BC/151 km SSE de Daajing Giids, BC"
20260614.1633001,2026-06-14T16:33:08.000Z,49.1377,-127.7583,10.0,ML,1.51,"135 km W of Tofino, BC/135 km O de Tofino, BC"
20260614.1832001,2026-06-14T18:32:39.000Z,54.7367,-118.5179,1.0,MLy,1.93,"Suspected industry-related event, 51 km SSE of Grande Prairie, AB/Événement lié à l'industrie soupconné, 51 km SSE de Grande Prairie, AB"
20260614.1953001,2026-06-14T19:53:29.000Z,60.5897,-139.9114,5.0,ML,2.7,"99 km SSW of Burwash Landing, YT/99 km SSO de Burwash Landing, YT"
20260614.2016001,2026-06-14T20:16:48.000Z,50.6587,-128.1923,13.81,ML1,0.92,"13 km W of Holberg, BC/13 km O de Holberg, BC"
20260614.2041001,2026-06-14T20:41:22.000Z,54.8326,-118.6052,1.0,MLy,2.43,"Suspected industry-related event, 40 km SSE of Grande Prairie, AB/Événement lié à l'industrie soupconné, 40 km SSE de Grande Prairie, AB"
20260614.2216001,2026-06-14T22:16:23.000Z,54.7097,-118.5156,1.0,MLy,2.01,"Suspected industry-related event, 54 km SSE of Grande Prairie, AB/Événement lié à l'industrie soupconné, 54 km SSE de Grande Prairie, AB"
20260614.2240001,2026-06-14T22:40:43.000Z,47.627,-69.8817,14.68,MwN,1.48,"12 km NNW of Saint-Pascal, QC/12 km NNO de Saint-Pascal, QC"
20260614.2345001,2026-06-14T23:45:01.000Z,48.4463,-120.345,7.86,ML,2.19,"92 km SW of Osoyoos, BC/92 km SO de Osoyoos, BC"
20260615.0025001,2026-06-15T00:25:47.000Z,46.1491,-72.6877,18.0,MwN,1.08,"9 km SW of Nicolet, QC/9 km SO de Nicolet, QC"
20260615.0410001,2026-06-15T04:10:50.000Z,54.4086,-118.3927,1.0,MLy,2.09,"Suspected industry-related event, 89 km SSE of Grande Prairie, AB/Événement lié à l'industrie soupconné, 89 km SSE de Grande Prairie, AB"
20260615.0602001,2026-06-15T06:02:10.000Z,54.8319,-118.597,1.0,MLy,3.35,"Suspected industry-related event, 40 km SSE of Grande Prairie, AB/Événement lié à l'industrie soupconné, 40 km SSE de Grande Prairie, AB"
20260615.0654001,2026-06-15T06:54:54.000Z,56.026,-120.7318,1.0,MLy,2.37,"Suspected industry-related event, 15 km S of Taylor, BC/Événement lié à l'industrie soupconné, 15 km S de Taylor, BC"
20260615.0814001,2026-06-15T08:14:15.000Z,52.4562,-127.1876,5.0,ML,2.19,"33 km WNW of Bella Coola 1, BC/33 km ONO de Bella Coola 1, BC"
20260615.0859001,2026-06-15T08:59:32.000Z,49.9817,-127.8915,10.0,ML,1.81,"37 km W of Houpsitas 6, BC/37 km O de Houpsitas 6, BC"
20260615.0946001,2026-06-15T09:46:36.000Z,47.929,-80.6551,1.0,MwN,1.95,"Blast, 2 km SE of Young-Davidson Mine, ON/Dynamitage, 2 km SE de la mine Young-Davidson, ON"
20260615.0956001,2026-06-15T09:56:14.000Z,54.8197,-118.6113,1.0,MLy,1.91,"Suspected industry-related event, 41 km SSE of Grande Prairie, AB/Événement lié à l'industrie soupconné, 41 km SSE de Grande Prairie, AB"
20260615.1205001,2026-06-15T12:05:35.000Z,59.8371,-139.0221,5.0,ML,2.38,"132 km SW of Haines Junction, YT/132 km SO de Haines Junction, YT"
20260615.1223003,2026-06-15T12:23:10.000Z,48.5321,-71.157,0.5,MwN,2.8,"Mining event, Niobec Mine, QC, felt/Événement minier, Mine Niobec, QC, ressenti"
20260615.1232001,2026-06-15T12:32:52.000Z,48.5321,-71.157,0.5,MwN,1.36,"Mining event, Niobec Mine, QC/Événement minier, Mine Niobec, QC"
20260615.1522001,2026-06-15T15:22:12.000Z,56.0873,-121.0873,1.0,MLy,2.29,"Suspected industry-related event, 24 km SW of Fort St. John, BC/Événement lié à l'industrie soupconné, 24 km SO de Fort St. John, BC"
20260615.1539001,2026-06-15T15:39:06.000Z,53.3232,-117.486,1.0,ML,2.68,"Suspected industry-related event, 11 km SSE of Hinton, AB/Événement lié à l'industrie soupconné, 11 km SSE de Hinton, AB"
20260615.1737001,2026-06-15T17:37:54.000Z,45.7091,-69.6828,2.0,MwN,1.13,"89 km ESE of Saint-Georges, QC/89 km ESE de Saint-Georges, QC"
20260615.2000001,2026-06-15T20:00:15.000Z,47.5572,-81.927,0.0,MwN,1.79,"Blast, 20 km SW of Gogama, ON/Dynamitage, 20 km SO de Gogama, ON"
20260615.2311001,2026-06-15T23:11:15.000Z,54.707,-118.5552,1.0,MLy,2.18,"Suspected industry-related event, 54 km SSE of Grande Prairie, AB/Événement lié à l'industrie soupconné, 54 km SSE de Grande Prairie, AB"
20260616.0347001,2026-06-16T03:47:37.000Z,48.719,-129.0725,10.0,Mw',2.95,"250 km SSW of Port Hardy, BC/250 km SSO de Port Hardy, BC"
20260616.0404001,2026-06-16T04:04:15.000Z,46.0935,-65.9509,5.0,MwN,0.9,"10 km E of Minto, NB/10 km E de Minto, NB"
20260616.0406001,2026-06-16T04:06:03.000Z,46.0941,-65.9536,5.0,MwN,0.66,"10 km E of Minto, NB/10 km E de Minto, NB"
20260616.1112001,2026-06-16T11:12:42.000Z,48.7667,-129.0273,10.0,Mw',3.93,"244 km SSW of Port Hardy, BC/244 km SSO de Port Hardy, BC"
20260616.1143001,2026-06-16T11:43:33.000Z,49.4942,-127.8028,25.38,ML,1.54,"67 km SSW of Houpsitas 6, BC/67 km SSO de Houpsitas 6, BC"
20260616.1207001,2026-06-16T12:07:25.000Z,60.4981,-139.9268,5.0,ML,2.19,"135 km W of Haines Junction, YT/135 km O de Haines Junction, YT"
20260616.1501001,2026-06-16T15:01:53.000Z,48.2847,-124.8015,0.0,ML,2.42,"41 km SW of Port Renfrew, BC/41 km SO de Port Renfrew, BC"
20260616.1630001,2026-06-16T16:30:01.000Z,52.3503,-67.3896,0.0,MwN,2.29,"Blast, 2 km W of Fire Lake Mine, QC/Dynamitage, 2 km O de la mine Fire Lake, QC"
20260616.1815001,2026-06-16T18:15:18.000Z,49.7684,-86.8337,1.0,MwN,1.99,"Blast, 10 km ENE of Geraldton, ON/Dynamitage, 10 km ENE de Geraldton, ON"
20260616.1825001,2026-06-16T18:25:57.000Z,58.6364,-137.5553,10.0,ML,2.14,"186 km WNW of Juneau, AK/186 km ONO de Juneau, AK"
20260616.2000001,2026-06-16T20:00:35.000Z,52.7609,-67.1777,0.0,MwN,2.58,"Blast, 7 km WSW of Fermont, QC/Dynamitage, 7 km OSO de Fermont, QC"
20260616.2143001,2026-06-16T21:43:02.000Z,50.0449,-126.0622,1.0,ML,1.26,"29 km N of Gold River, BC/29 km N de Gold River, BC"
20260616.2153001,2026-06-16T21:53:32.000Z,49.7126,-123.584,1.84,ML,2.34,"31 km W of Squamish, BC/31 km O de Squamish, BC"
20260617.0655001,2026-06-17T06:55:13.000Z,50.5844,-125.2347,1.0,ML,2.38,"62 km N of Campbell River, BC/62 km N de Campbell River, BC"
20260617.1010001,2026-06-17T10:10:52.000Z,59.3226,-136.5349,5.0,ML,2.19,"173 km SSW of Whitehorse, YT/173 km SSO de Whitehorse, YT"
20260617.1125001,2026-06-17T11:25:03.000Z,47.0648,-70.4843,27.65,MwN,2.17,"10 km NNE of Montmagny, QC/10 km NNE de Montmagny, QC"
20260617.1208001,2026-06-17T12:08:01.000Z,52.7328,-132.2861,15.85,ML,2.67,"60 km SSW of Daajing Giids, BC/60 km SSO de Daajing Giids, BC"
20260617.1408001,2026-06-17T14:08:51.000Z,47.429,-70.2357,7.44,MwN,0.69,"16 km WNW of La Pocatière, QC/16 km ONO de La Pocatière, QC"
20260617.1637001,2026-06-17T16:37:03.000Z,49.3766,-127.395,36.46,ML,2.57,"80 km SW of Tahsis, BC/80 km SO de Tahsis, BC"
20260617.1642001,2026-06-17T16:42:42.000Z,47.516,-70.0307,11.82,MwN,1.12,"14 km NNW of Saint-Pacôme, QC/14 km NNO de Saint-Pacôme, QC"
20260617.1653001,2026-06-17T16:53:59.000Z,52.5076,-131.8672,22.63,ML,2.18,"84 km S of Daajing Giids, BC/84 km S de Daajing Giids, BC"
20260617.2110001,2026-06-17T21:10:09.000Z,54.773,-118.7469,1.0,MLy,2.83,"Suspected industry-related event, 44 km S of Grande Prairie, AB/Événement lié à l'industrie soupconné, 44 km S de Grande Prairie, AB"
20260617.2137001,2026-06-17T21:37:19.000Z,48.287,-122.6089,28.08,ML,1.9,"58 km ESE of Victoria, BC/58 km ESE de Victoria, BC"
20260618.0045001,2026-06-18T00:45:00.000Z,49.7138,-123.5807,5.0,ML1,1.07,"31 km W of Squamish, BC/31 km O de Squamish, BC"
20260618.0354001,2026-06-18T03:54:37.000Z,44.5447,-79.1497,2.0,MwN,1.63,"2 km E of Ramara, ON/2 km E de Ramara, ON"
20260618.0638001,2026-06-18T06:38:34.000Z,49.3158,-127.4673,10.0,ML,2.62,"88 km SW of Tahsis, BC/88 km SO de Tahsis, BC"
20260618.0701001,2026-06-18T07:01:54.000Z,49.2994,-127.4549,10.0,ML,2.09,"89 km SW of Tahsis, BC/89 km SO de Tahsis, BC"
20260618.1031001,2026-06-18T10:31:33.000Z,56.2511,-121.9195,1.0,MLy,2.85,"Suspected industry-related event, 26 km S of Halfway River 168, BC/Événement lié à l'industrie soupconné, 26 km S de Halfway River 168, BC"
20260618.1217001,2026-06-18T12:17:24.000Z,49.4506,-127.9243,10.0,ML,2.35,"75 km SSW of Houpsitas 6, BC/75 km SSO de Houpsitas 6, BC"
20260618.1240001,2026-06-18T12:40:21.000Z,49.1032,-128.0763,10.0,Mw',2.87,"158 km W of Tofino, BC/158 km O de Tofino, BC"
20260618.1304001,2026-06-18T13:04:57.000Z,49.1124,-128.1143,10.0,Mw',2.95,"153 km SSW of Port Alice, BC/153 km SSO de Port Alice, BC"
20260618.1332001,2026-06-18T13:32:37.000Z,49.0689,-128.1423,10.0,Mw',3.57,"163 km W of Tofino, BC/163 km O de Tofino, BC"
20260618.1421008,2026-06-18T14:21:24.000Z,48.8054,-68.0923,22.14,Mw,4.42,"26 km NNE of Mont-Joli, QC, felt/26 km NNE de Mont-Joli, QC, ressenti"
20260618.1429001,2026-06-18T14:29:58.000Z,48.7997,-68.1006,16.19,MwN,2.12,"25 km NNE of Mont-Joli, QC/25 km NNE de Mont-Joli, QC"
20260618.1432001,2026-06-18T14:32:25.000Z,48.8086,-68.0959,20.83,MwN,2.58,"26 km NNE of Mont-Joli, QC/26 km NNE de Mont-Joli, QC"
20260618.1515001,2026-06-18T15:15:17.000Z,48.7992,-68.1052,18.0,MwN,0.83,"25 km NNE of Mont-Joli, QC/25 km NNE de Mont-Joli, QC"
20260618.1518001,2026-06-18T15:18:55.000Z,48.8093,-68.125,18.0,MwN,0.93,"25 km N of Mont-Joli, QC/25 km N de Mont-Joli, QC"
20260618.1718001,2026-06-18T17:18:19.000Z,48.7905,-68.0827,20.97,MwN,1.14,"24 km NNE of Mont-Joli, QC/24 km NNE de Mont-Joli, QC"
20260618.1728001,2026-06-18T17:28:57.000Z,49.341,-127.4859,10.0,Mw',3.24,"87 km SW of Tahsis, BC/87 km SO de Tahsis, BC"
20260618.1749001,2026-06-18T17:49:05.000Z,56.2542,-121.8979,1.0,MLy,2.74,"Suspected industry-related event, 25 km S of Halfway River 168, BC/Événement lié à l'industrie soupconné, 25 km S de Halfway River 168, BC"
20260618.1927001,2026-06-18T19:27:02.000Z,48.8117,-68.0867,25.35,MwN,0.94,"26 km NNE of Mont-Joli, QC/26 km NNE de Mont-Joli, QC"
20260618.2316001,2026-06-18T23:16:53.000Z,54.5031,-118.5033,1.0,MLy,1.88,"Suspected industry-related event, 77 km SSE of Grande Prairie, AB/Événement lié à l'industrie soupconné, 77 km SSE de Grande Prairie, AB"
20260618.2318001,2026-06-18T23:18:49.000Z,49.7125,-94.9761,0.0,M,1.77,"Blast, 14 km NE of Shoal Lake (Part) 39A, ON/Dynamitage, 14 km NE de Shoal Lake (Part) 39A, ON"
20260618.2340001,2026-06-18T23:40:28.000Z,49.4264,-129.6077,10.0,Mw',3.58,"209 km SW of Port Hardy, BC/209 km SO de Port Hardy, BC"
20260618.2341001,2026-06-18T23:41:47.000Z,59.7942,-136.6702,5.0,ML,2.04,"133 km SW of Whitehorse, YT/133 km SO de Whitehorse, YT"
20260619.0226001,2026-06-19T02:26:39.000Z,49.3245,-127.453,10.0,Mw',3.2,"87 km SW of Tahsis, BC/87 km SO de Tahsis, BC"
20260619.0454001,2026-06-19T04:54:08.000Z,58.4482,-133.2823,10.0,ML,2.8,"68 km ENE of Juneau, AK/68 km ENE de Juneau, AK"
20260619.0525001,2026-06-19T05:25:40.000Z,57.1487,-121.7491,1.0,MLy,2.0,"Suspected industry-related event, 49 km WNW of Prespatou, BC/Événement lié à l'industrie soupconné, 49 km ONO de Prespatou, BC"
20260619.0649001,2026-06-19T06:49:47.000Z,54.5153,-117.3494,1.0,MLy,2.0,"Suspected industry-related event, 38 km WNW of Fox Creek, AB/Événement lié à l'industrie soupconné, 38 km ONO de Fox Creek, AB"
20260619.0759001,2026-06-19T07:59:01.000Z,56.7112,-121.5927,1.0,MLy,2.18,"Suspected industry-related event, 41 km SW of Prespatou, BC/Événement lié à l'industrie soupconné, 41 km SO de Prespatou, BC"
20260619.0903001,2026-06-19T09:03:43.000Z,56.2649,-121.8602,1.0,MLy,2.71,"Suspected industry-related event, 24 km S of Halfway River 168, BC/Événement lié à l'industrie soupconné, 24 km S de Halfway River 168, BC"
20260619.0911001,2026-06-19T09:11:07.000Z,47.4474,-70.0374,7.61,MwN,0.69,"9 km N of La Pocatière, QC/9 km N de La Pocatière, QC"
20260619.1036001,2026-06-19T10:36:33.000Z,50.6524,-130.4923,10.0,Mw',3.5,"211 km W of Port Hardy, BC/211 km O de Port Hardy, BC"
20260619.1247001,2026-06-19T12:47:14.000Z,56.2589,-121.8702,1.0,MLy,2.19,"Suspected industry-related event, 25 km S of Halfway River 168, BC/Événement lié à l'industrie soupconné, 25 km S de Halfway River 168, BC"
20260619.1444001,2026-06-19T14:44:43.000Z,49.5402,-126.9263,10.0,ML,1.77,"23 km WSW of Yuquot 1, BC/23 km OSO de Yuquot 1, BC"
20260619.1538001,2026-06-19T15:38:33.000Z,60.5767,-139.9362,5.0,ML,2.76,"101 km SSW of Burwash Landing, YT/101 km SSO de Burwash Landing, YT"
20260619.1809001,2026-06-19T18:09:49.000Z,56.2535,-121.907,1.0,MLy,2.22,"Suspected industry-related event, 25 km S of Halfway River 168, BC/Événement lié à l'industrie soupconné, 25 km S de Halfway River 168, BC"
20260620.0845001,2026-06-20T08:45:03.000Z,46.0213,-64.829,5.0,MwN,1.0,"9 km SSW of Moncton, NB/9 km SSO de Moncton, NB"
20260620.1216001,2026-06-20T12:16:42.000Z,48.8698,-128.9283,10.0,Mw',3.06,"230 km SSW of Port Hardy, BC/230 km SSO de Port Hardy, BC"
20260621.0530001,2026-06-21T05:30:18.000Z,66.0748,-135.1192,5.0,ML,3.49,"152 km S of Fort McPherson, NT/152 km S de Fort McPherson, NT"
20260621.1151001,2026-06-21T11:51:01.000Z,46.4217,-77.1653,4.22,MwN,1.31,"61 km N of Petawawa, ON/61 km N de Petawawa, ON"
20260622.0247001,2026-06-22T02:47:41.000Z,61.443,-140.0944,5.0,ML,3.11,"60 km W of Burwash Landing, YT/60 km O de Burwash Landing, YT"
20260622.0349001,2026-06-22T03:49:53.000Z,52.7386,-132.2929,15.81,ML,1.91,"59 km SSW of Daajing Giids, BC/59 km SSO de Daajing Giids, BC"
20260622.0558001,2026-06-22T05:58:57.000Z,51.0846,-124.4447,18.64,ML,1.01,"56 km SW of Lohbiee 3, BC/56 km SO de Lohbiee 3, BC"
20260622.0806001,2026-06-22T08:06:53.000Z,47.6126,-70.1622,17.34,MwN,0.36,"4 km SSW of La Malbaie, QC/4 km SSO de La Malbaie, QC"
20260622.0814001,2026-06-22T08:14:37.000Z,48.596,-122.177,5.0,ML,1.07,"29 km SE of Bellingham, WA/29 km SE de Bellingham, WA"
20260622.1017001,2026-06-22T10:17:25.000Z,50.2215,-120.9742,5.0,ML,1.95,"18 km NW of Merritt, BC/18 km NO de Merritt, BC"
20260622.1133001,2026-06-22T11:33:40.000Z,57.1613,-121.7321,1.0,MLy,1.8,"Suspected industry-related event, 48 km WNW of Prespatou, BC/Événement lié à l'industrie soupconné, 48 km ONO de Prespatou, BC"
20260622.1323001,2026-06-22T13:23:55.000Z,60.0423,-140.1001,5.0,ML,1.92,"163 km WSW of Haines Junction, YT/163 km OSO de Haines Junction, YT"
20260623.0445001,2026-06-23T04:45:22.000Z,60.5153,-139.7938,1.0,ML,2.42,"127 km W of Haines Junction, YT/127 km O de Haines Junction, YT"
20260623.1007001,2026-06-23T10:07:29.000Z,51.1003,-124.7904,5.0,ML,1.18,"72 km SW of Lohbiee 3, BC/72 km SO de Lohbiee 3, BC"
20260623.1043001,2026-06-23T10:43:42.000Z,52.5177,-131.8871,21.57,ML,1.88,"83 km S of Daajing Giids, BC/83 km S de Daajing Giids, BC"
20260623.1248001,2026-06-23T12:48:51.000Z,47.481,-70.0319,7.53,MwN,0.77,"12 km N of La Pocatière, QC/12 km N de La Pocatière, QC"
20260623.1351001,2026-06-23T13:51:50.000Z,52.4494,-127.1307,5.0,ML,2.61,"29 km WNW of Bella Coola 1, BC/29 km ONO de Bella Coola 1, BC"
20260623.1905001,2026-06-23T19:05:56.000Z,66.6325,-140.5162,5.0,ML,2.39,"108 km SSW of Old Crow, YT/108 km SSO de Old Crow, YT"
20260623.2135001,2026-06-23T21:35:19.000Z,52.843,-67.249,0.0,MwN,2.31,"Blast, 13 km WNW of Fermont, QC/Dynamitage, 13 km ONO de Fermont, QC"
20260624.0113001,2026-06-24T01:13:42.000Z,51.6059,-130.5597,10.0,ML,2.45,"235 km WNW of Port Hardy, BC/235 km ONO de Port Hardy, BC"
20260624.0349001,2026-06-24T03:49:47.000Z,58.7506,-137.4897,1.0,ML,2.63,"255 km SSW of Whitehorse, YT/255 km SSO de Whitehorse, YT"
20260624.0706001,2026-06-24T07:06:20.000Z,47.6814,-70.1817,7.62,MwN,-0.09,"4 km NW of La Malbaie, QC/4 km NO de La Malbaie, QC"
20260624.1113001,2026-06-24T11:13:22.000Z,57.1262,-137.5127,10.0,ML,2.74,"132 km W of Sitka, AK/132 km O de Sitka, AK"
20260624.1316002,2026-06-24T13:16:25.000Z,59.4272,-136.6783,1.0,ML,2.52,"167 km SSW of Whitehorse, YT/167 km SSO de Whitehorse, YT"
20260624.1742002,2026-06-24T17:42:35.000Z,66.6468,-140.5805,5.0,ML,3.2,"107 km SSW of Old Crow, YT/107 km SSO de Old Crow, YT"
20260625.0122001,2026-06-25T01:22:31.000Z,56.2555,-121.9011,1.0,MLy,2.56,"Suspected industry-related event, 25 km S of Halfway River 168, BC/Événement lié à l'industrie soupconné, 25 km S de Halfway River 168, BC"
20260625.0238001,2026-06-25T02:38:46.000Z,52.5851,-132.0211,18.19,ML,2.67,"75 km S of Daajing Giids, BC/75 km S de Daajing Giids, BC"
20260625.0349001,2026-06-25T03:49:40.000Z,47.5161,-70.1047,8.14,MwN,0.21,"15 km SSE of La Malbaie, QC/15 km SSE de La Malbaie, QC"
20260625.0355001,2026-06-25T03:55:01.000Z,54.6024,-118.5406,1.0,MLy,2.72,"Suspected industry-related event, 65 km SSE of Grande Prairie, AB/Événement lié à l'industrie soupconné, 65 km SSE de Grande Prairie, AB"
20260625.1022001,2026-06-25T10:22:58.000Z,54.2882,-118.6266,1.0,MLy,1.88,"Suspected industry-related event, 55 km NE of Grande Cache, AB/Événement lié à l'industrie soupconné, 55 km NE de Grande Cache, AB"
20260625.1058004,2026-06-25T10:58:10.000Z,66.6676,-140.6912,5.0,ML,4.07,"107 km SSW of Old Crow, YT/107 km SSO de Old Crow, YT"
20260625.1205001,2026-06-25T12:05:30.000Z,47.4551,-70.347,8.56,MwN,0.94,"12 km E of Baie-Saint-Paul, QC/12 km E de Baie-Saint-Paul, QC"
20260625.1752001,2026-06-25T17:52:57.000Z,47.6418,-65.7775,0.0,MwN,1.59,"Blast, 1 km NNE of North Tetagouche, NB/Dynamitage, 1 km NNE de North Tetagouche, NB"
20260625.1953001,2026-06-25T19:53:03.000Z,44.5001,-77.538,0.0,MwN,1.32,"Blast, 5 km W of Centre Hastings, ON/Dynamitage, 5 km O de Centre Hastings, ON"
20260626.0635001,2026-06-26T06:35:21.000Z,50.0041,-127.5533,35.29,ML,0.6,"13 km WSW of Houpsitas 6, BC/13 km OSO de Houpsitas 6, BC"
20260626.0806002,2026-06-26T08:06:55.000Z,47.6282,-121.755,13.24,ML,2.4,"44 km E of Seattle, WA/44 km E de Seattle, WA"
20260626.1036001,2026-06-26T10:36:10.000Z,51.3655,-131.0278,10.0,Mw',3.32,"257 km WNW of Port Hardy, BC/257 km ONO de Port Hardy, BC"
20260626.1124001,2026-06-26T11:24:43.000Z,56.317,-121.8071,1.0,MLy,2.15,"Suspected industry-related event, 18 km S of Halfway River 168, BC/Événement lié à l'industrie soupconné, 18 km S de Halfway River 168, BC"
20260626.2346001,2026-06-26T23:46:48.000Z,60.5436,-139.9122,5.0,ML,2.1,"133 km W of Haines Junction, YT/133 km O de Haines Junction, YT"
20260628.2146001,2026-06-28T21:46:34.000Z,47.674,-69.9571,15.47,MwN,1.87,"15 km E of La Malbaie, QC/15 km E de La Malbaie, QC"
